unixtime,load,pv
1730332800,0.00872093023255614,0.0
1730333700,0.011480620155055004,0.0
1730334600,0.00766666666663694,0.0
1730335500,0.00833333333335416,0.0
1730336400,0.012000000000000448,0.0
1730337300,0.010999999999995663,0.0
1730338200,0.010500000000007495,0.0
1730339100,0.012000000000000446,0.0
1730340000,0.01829999999998221,0.0
1730340900,0.027099999999990118,0.0
1730341800,0.02457142857144844,0.0
1730342700,0.012528571428561001,0.0
1730343600,0.010899999999992343,0.0
1730344500,0.00600000000000022,0.0
1730345400,0.004000000000019088,0.0
1730346300,0.014214285714274398,0.0
1730347200,0.008331168831176674,0.0
1730348100,0.00457954545453275,0.0
1730349000,0.008875000000017492,0.0
1730349900,0.015285714285710107,0.0
1730350800,0.004142857142852553,0.0
1730351700,0.004857142857161978,0.0
1730352600,0.015142857142848232,0.0
1730353500,0.007714285714286004,0.0
1730354400,0.008035714285711032,0.0
1730355300,0.008035714285711032,0.0
1730356200,0.008035714285711032,0.0
1730357100,0.004571428571438208,0.0
1730358000,0.011883116883097943,0.0
1730358900,0.010045454545462445,0.0
1730359800,0.0054090909090973366,0.0
1730360700,0.00477272727272291,0.0
1730361600,0.014318181818197195,0.0
1730362500,0.007285714285700343,0.0
1730363400,0.01904761904762607,0.0
1730364300,0.025111111111129944,0.0
1730365200,0.02612698412698932,0.0
1730366100,0.017428571428553127,0.0
1730367000,0.00651515151517401,0.0
1730367900,0.011363636363626025,0.0
1730368800,0.011363636363626025,0.0
1730369700,0.0087099567099642,0.0
1730370600,0.009521303258168233,0.0
1730371500,0.01105263157890589,0.0
1730372400,0.013547758284630599,0.0
1730373300,0.012372931140075316,0.0
1730374200,0.00968250578937279,0.0
1730375100,0.015399999999999626,0.0
1730376000,0.007769415155470754,0.0
1730376900,0.0058666666666624566,0.0
1730377800,0.016833333333323694,0.0
1730378700,0.014250000000032499,0.0
1730379600,0.011535714285685098,0.0
1730380500,0.019285714285729224,0.0
1730381400,0.011428571428552897,0.0
1730382300,0.007500000000021576,0.0
1730383200,0.009833333333318688,0.0
1730384100,0.00999999999999089,0.0
1730385000,0.009523809523813027,0.0
1730385900,0.009642857142864595,0.0
1730386800,0.006285714285695571,0.0
1730387700,0.012441558441565788,0.0
1730388600,0.011349650349643525,0.0
1730389500,0.005589743589752053,0.0
1730390400,0.009650256591192773,0.0
1730391300,0.006300000000010173,0.0
1730392200,0.004411764705878325,0.0
1730393100,0.011421568627469007,0.0
1730394000,0.010446666666666708,0.0
1730394900,0.0047999999999888045,0.0
1730395800,0.0069200000000080196,0.0
1730396700,0.009272727272730198,0.0
1730397600,0.012743666169882312,0.0
1730398500,0.00860655737704974,0.0
1730399400,0.00860655737704974,0.0
1730400300,0.00860655737704974,0.0
1730401200,0.007449648711940423,0.0
1730402100,0.005714285714276448,0.0
1730403000,0.013571428571424328,0.0
1730403900,0.010796992481232321,0.0
1730404800,0.007203007518768342,0.0
1730405700,0.008571428571428884,0.0
1730406600,0.010476190476197172,0.0
1730407500,0.009238095238117677,0.0
1730408400,0.0043650793650726735,0.0
1730409300,0.007555555555569515,0.0
1730410200,0.013333333333321186,0.0
1730411100,0.022638888888877766,0.0
1730412000,0.025178571428568823,0.0
1730412900,0.034293650793642876,0.0
1730413800,0.023333333333340523,0.0
1730414700,0.014777777777794645,0.0
1730415600,0.008166666666653548,0.0
1730416500,0.01013157894738014,0.0
1730417400,0.007035087719287945,0.0
1730418300,0.005083333333345745,0.0
1730419200,0.014249999999975662,0.0
1730420100,0.01028571428571466,0.0
1730421000,0.004714285714300099,0.0
1730421900,0.00814285714287165,0.0
1730422800,0.013190476190459313,0.0
1730423700,0.005095238095236692,0.0
1730424600,0.00463809523810709,0.0
1730425500,0.011083333333374393,0.0
1730426400,0.0068181818181756075,0.0
1730427300,0.008781818181830646,0.0
1730428200,0.0158999999999878,0.0
1730429100,0.006900000000001667,0.0
1730430000,0.012599999999991944,0.0
1730430900,0.011500000000012257,0.0
1730431800,0.005499999999983615,0.0
1730432700,0.016999999999995893,0.0
1730433600,0.006249999999994293,0.0
1730434500,0.007750000000015669,0.0
1730435400,0.014000000000009982,0.0
1730436300,0.005500000000012032,0.0
1730437200,0.01049999999997907,0.0
1730438100,0.009999999999990883,0.0
1730439000,0.008118191536917053,0.0
1730439900,0.014666666666670363,0.0
1730440800,0.011453936417085366,0.0
1730441700,0.02250000000000794,0.0
1730442600,0.03950000000000386,0.0
1730443500,0.024214285714265302,0.0
1730444400,0.029952380952380495,0.0
1730445300,0.011761904761925726,0.0
1730446200,0.00990476190474964,0.0
1730447100,0.016250000000013635,0.0
1730448000,0.009962121212112136,0.0
1730448900,0.006322192513380275,0.0
1730449800,0.01583235294117457,0.0
1730450700,0.00890000000001122,0.0
1730451600,0.008148936170215374,0.0
1730452500,0.00893617021276325,0.0
1730453400,0.00893617021276325,0.0
1730454300,0.006196114708615127,0.0
1730455200,0.004565217391302652,0.0
1730456100,0.0086618357487964,0.0
1730457000,0.010500000000007484,0.0
1730457900,0.01014102564101903,0.0
1730458800,0.007692307692309432,0.0
1730459700,0.006666666666660595,0.0
1730460600,0.015000000000014757,0.0
1730461500,0.009428571428571769,0.0
1730462400,0.0052142857142598404,0.0
1730463300,0.00935714285716925,0.0
1730464200,0.013000000000005207,0.0
1730465100,0.004500000000007256,0.0
1730466000,0.004249999999984749,0.0
1730466900,0.022367647058842973,0.0
1730467800,0.0298823529411436,0.0
1730468700,0.025153846153870053,0.0
1730469600,0.017540598290594275,0.0
1730470500,0.0052500000000179434,0.0
1730471400,0.006714285714252796,0.0
1730472300,0.027419047619076754,0.0
1730473200,0.026616666666654954,0.0
1730474100,0.027865384615381565,0.0
1730475000,0.03167032967033377,0.0
1730475900,0.014785714285721948,0.0
1730476800,0.005071428571426379,0.0
1730477700,0.0063571428571265135,0.0
1730478600,0.014055555555586336,0.0
1730479500,0.007752136752117152,0.0
1730480400,0.009230769230782676,0.0
1730481300,0.008769230769189543,0.0
1730482200,0.005730769230780185,0.0
1730483100,0.0063888888888925365,0.0
1730484000,0.010833333333323477,0.0
1730484900,0.010833333333351899,0.0
1730485800,0.011777777777808734,0.0
1730486700,0.011249999999989746,0.0
1730487600,0.0071785714285681305,0.0
1730488500,0.011285714285719443,0.0
1730489400,0.010885714285706154,0.0
1730490300,0.00425714285714206,0.0
1730491200,0.012517857142853453,0.0
1730492100,0.005625000000009084,0.0
1730493000,0.005625000000009084,0.0
1730493900,0.016022058823523366,0.0
1730494800,0.007452941176495637,0.0
1730495700,0.005511111111104573,0.0
1730496600,0.009246031746016566,0.0
1730497500,0.009642857142864612,0.0
1730498400,0.009642857142864612,0.0
1730499300,0.01110714285712788,0.0
1730500200,0.020625000000023864,0.0
1730501100,0.020624999999995442,0.0
1730502000,0.030000000000001116,0.0
1730502900,0.029999999999972694,0.0
1730503800,0.022596153846166075,0.0
1730504700,0.00778846153846757,0.0
1730505600,0.00778846153846757,0.0
1730506500,0.00778846153846757,0.0
1730507400,0.008887518142245181,0.0
1730508300,0.009056603773586839,0.0
1730509200,0.009056603773586839,0.0
1730510100,0.011504607283910655,0.0
1730511000,0.008372093023240261,0.0
1730511900,0.008372093023268681,0.0
1730512800,0.006732558139532317,0.0
1730513700,0.006264705882358596,0.0
1730514600,0.013235294117606577,0.0
1730515500,0.010400000000004173,0.0
1730516400,0.006000000000028646,0.0
1730517300,0.008369230769204688,0.0
1730518200,0.013230769230801786,0.0
1730519100,0.005666666666655818,0.0
1730520000,0.003333333333330297,0.0
1730520900,0.00999999999999089,0.0
1730521800,0.010714285714300326,0.0
1730522700,0.018095238095241925,0.0
1730523600,0.02642857142856768,0.0
1730524500,0.03156190476187248,0.0
1730525400,0.029700000000019593,0.0
1730526300,0.015071428571417288,0.0
1730527200,0.010064935064946209,0.0
1730528100,0.011435064935085388,0.0
1730529000,0.005039682539660342,0.0
1730529900,0.0048888888888995825,0.0
1730530800,0.014999999999986335,0.0
1730531700,0.007571428571424109,0.0
1730532600,0.0057619047619254975,0.0
1730533500,0.01030303030302092,0.0
1730534400,0.01379953379952779,0.0
1730535300,0.00653846153846869,0.0
1730536200,0.00653846153846869,0.0
1730537100,0.011787179487157554,0.0
1730538000,0.011200000000002304,0.0
1730538900,0.005833333333356444,0.0
1730539800,0.01041666666665717,0.0
1730540700,0.012583333333310505,0.0
1730541600,0.006666666666689005,0.0
1730542500,0.005625000000009084,0.0
1730543400,0.012011363636361223,0.0
1730544300,0.011030303030281624,0.0
1730545200,0.008470588235297767,0.0
1730546100,0.008235294117667977,0.0
1730547000,0.008235294117639555,0.0
1730547900,0.006725490196089356,0.0
1730548800,0.004238095238065385,0.0
1730549700,0.010476190476225593,0.0
1730550600,0.013952380952360934,0.0
1730551500,0.01900000000000544,0.0
1730552400,0.022941176470567357,0.0
1730553300,0.04139215686276997,0.0
1730554200,0.020666666666670604,0.0
1730555100,0.014899999999983031,0.0
1730556000,0.00709999999997989,0.0
1730556900,0.014909090909100066,0.0
1730557800,0.004545454545478822,0.0
1730558700,0.0045454545454504,0.0
1730559600,0.009999999999990886,0.0
1730560500,0.010999999999995663,0.0
1730561400,0.004999999999995447,0.0
1730562300,0.00887499999998907,0.0
1730563200,0.011852272727281834,0.0
1730564100,0.008181818181810735,0.0
1730565000,0.006167832167847098,0.0
1730565900,0.008923076923082347,0.0
1730566800,0.015461538461551056,0.0
1730567700,0.005538461538435507,0.0
1730568600,0.004687500000017035,0.0
1730569500,0.01197916666666287,0.0
1730570400,0.010208333333338251,0.0
1730571300,0.005625000000009084,0.0
1730572200,0.006735294117618184,0.0
1730573100,0.009705882352960752,0.0
1730574000,0.009538823529425125,0.0
1730574900,0.00719999999998321,0.0
1730575800,0.012319999999988328,0.0
1730576700,0.007142857142866868,0.0
1730577600,0.013190476190487735,0.0
1730578500,0.029416666666662636,0.0
1730579400,0.03558333333333506,0.0
1730580300,0.029066666666665235,0.0
1730581200,0.013100000000008537,0.0
1730582100,0.012166666666644226,0.0
1730583000,0.010333333333335293,0.0
1730583900,0.004000000000019088,0.0
1730584800,0.0054999999999836196,0.0
1730585700,0.014166666666653772,0.0
1730586600,0.007619047619073153,0.0
1730587500,0.004214285714283496,0.0
1730588400,0.009500000000002711,0.0
1730589300,0.01399999999998157,0.0
1730590200,0.004538461538459138,0.0
1730591100,0.005747252747255498,0.0
1730592000,0.011329670329672565,0.0
1730592900,0.01378461538462259,0.0
1730593800,0.0052666666666709655,0.0
1730594700,0.007000000000004986,0.0
1730595600,0.016619047619030866,0.0
1730596500,0.006214285714293043,0.0
1730597400,0.006785714285712155,0.0
1730598300,0.011252747252740381,0.0
1730599200,0.013461538461541512,0.0
1730600100,0.004999999999995445,0.0
1730601000,0.006500000000016812,0.0
1730601900,0.015749999999997037,0.0
1730602800,0.007402173913050075,0.0
1730603700,0.004947826086947758,0.0
1730604600,0.011707692307680864,0.0
1730605500,0.010692307692323757,0.0
1730606400,0.017153846153860272,0.0
1730607300,0.022846153846131742,0.0
1730608200,0.033071428571417975,0.0
1730609100,0.024888571428590453,0.0
1730610000,0.019639999999981218,0.0
1730610900,0.00906666666668342,0.0
1730611800,0.00983333333331869,0.0
1730612700,0.008357142857164471,0.0
1730613600,0.006428571428557451,0.0
1730614500,0.006428571428585873,0.0
1730615400,0.010496240601469234,0.0
1730616300,0.006932330827083872,0.0
1730617200,0.0043571428571453795,0.0
1730618100,0.01200000000000044,0.0
1730619000,0.010666666666679692,0.0
1730619900,0.005833333333328006,0.0
1730620800,0.0071052631578822885,0.0
1730621700,0.01578947368423654,0.0
1730622600,0.00696240601502039,0.0
1730623500,0.005642857142845505,0.0
1730624400,0.009409090909088029,0.0
1730625300,0.013636363636379652,0.0
1730626200,0.007954545454538199,0.0
1730627100,0.0040454545454622305,0.0
1730628000,0.01467676767677516,0.0
1730628900,0.009883040935648053,0.0
1730629800,0.006323308270680161,0.0
1730630700,0.009571428571433655,0.0
1730631600,0.012428571428586091,0.0
1730632500,0.004471428571406468,0.0
1730633400,0.005300000000005405,0.0
1730634300,0.02979999999999448,0.0
1730635200,0.032800000000008815,0.0
1730636100,0.027472727272737522,0.0
1730637000,0.019340175953061582,0.0
1730637900,0.018870967741946736,0.0
1730638800,0.0065786290322478016,0.0
1730639700,0.004687500000017035,0.0
1730640600,0.00924999999998021,0.0
1730641500,0.013599999999996717,0.0
1730642400,0.0049384615384724185,0.0
1730643300,0.005461538461560153,0.0
1730644200,0.015899999999987795,0.0
1730645100,0.00482727272728311,0.0
1730646000,0.00447272727271297,0.0
1730646900,0.006799999999998352,0.0
1730647800,0.016090909090905815,0.0
1730648700,0.00576623376622364,0.0
1730649600,0.0049428571428791115,0.0
1730650500,0.013599999999996719,0.0
1730651400,0.00931428571428227,0.0
1730652300,0.005785714285707382,0.0
1730653200,0.0074999999999931545,0.0
1730654100,0.01540000000002804,0.0
1730655000,0.004599999999982162,0.0
1730655900,0.005428571428581088,0.0
1730656800,0.013571428571424338,0.0
1730657700,0.020133333333319563,0.0
1730658600,0.009866666666681545,0.0
1730659500,0.027571428571434346,0.0
1730660400,0.03214285714284415,0.0
1730661300,0.03214285714284415,0.0
1730662200,0.036920634920647885,0.0
1730663100,0.043888888888886854,0.0
1730664000,0.03172222222221421,0.0
1730664900,0.026611111111122902,0.0
1730665800,0.033000000000015454,0.0
1730666700,0.03128571428570125,0.0
1730667600,0.027857142857129685,0.0
1730668500,0.030023809523811448,0.0
1730669400,0.025060606060606,0.0
1730670300,0.012000000000000434,0.0
1730671200,0.01067647058823693,0.0
1730672100,0.010720965309218383,0.0
1730673000,0.011897435897452607,0.0
1730673900,0.014999999999986335,0.0
1730674800,0.022999999999996114,0.0
1730675700,0.030000000000001116,0.0
1730676600,0.030000000000001116,0.0
1730677500,0.02199999999999135,0.0
1730678400,0.013451612903224922,0.0
1730679300,0.010161290322599806,0.0
1730680200,0.006114369501460698,0.0
1730681100,0.004192727272709352,0.0
1730682000,0.005680000000012333,0.0
1730682900,0.009749999999996813,0.0
1730683800,0.009749999999996813,0.0
1730684700,0.010400000000004173,0.0
1730685600,0.014142857142843449,0.0
1730686500,0.00395714285716052,0.0
1730687400,0.008399999999994624,0.0
1730688300,0.014800000000008128,0.0
1730689200,0.005654545454547111,0.0
1730690100,0.005267676767658692,0.0
1730691000,0.00763777777780204,0.0
1730691900,0.012599999999991946,0.0
1730692800,0.008687058823539916,0.0
1730693700,0.00878151260502589,0.0
1730694600,0.012142857142862321,0.0
1730695500,0.008428571428566988,0.0
1730696400,0.0074999999999931545,0.0
1730697300,0.009500000000002704,0.0
1730698200,0.008055555555557682,0.0
1730699100,0.005833333333328006,0.0
1730700000,0.013027777777779173,0.0
1730700900,0.02125000000000908,0.0
1730701800,0.028149122807036516,0.0
1730702700,0.02691497975706624,0.0
1730703600,0.033169230769232165,0.0
1730704500,0.013266666666680743,0.0
1730705400,0.006356589147287646,0.0
1730706300,0.009069767441843624,0.0
1730707200,0.009069767441872045,0.0
1730708100,0.007337209302306737,0.0
1730709000,0.004763636363634288,0.0
1730709900,0.009528571428575097,0.0
1730710800,0.012571428571419558,0.0
1730711700,0.00547058823531187,0.0
1730712600,0.00705882352940534,0.0
1730713500,0.006595588235313686,0.0
1730714400,0.01687499999999885,0.0
1730715300,0.037714285714287143,0.0
1730716200,0.037714285714287143,0.0
1730717100,0.026142857142872337,0.0
1730718000,0.032792207792198255,0.0
1730718900,0.03340909090906052,0.0
1730719800,0.021893939393976318,0.0
1730720700,0.02790476190475032,0.0
1730721600,0.031428571428563125,0.0
1730722500,0.015199999999992974,0.0
1730723400,0.007800000000003114,0.0
1730724300,0.008000000000009767,0.0
1730725200,0.01149999999998384,0.0
1730726100,0.008300000000019724,0.0
1730727000,0.012109090909092393,0.0
1730727900,0.019090909090891714,0.0
1730728800,0.019333333333349845,0.0
1730729700,0.026757575757585517,0.0
1730730600,0.026139860139835488,0.0
1730731500,0.01235857246203408,0.0
1730732400,0.004655172413777095,0.0
1730733300,0.010357758620671108,0.0
1730734200,0.00882500000003005,0.0
1730735100,0.12433968253967008,0.0
1730736000,0.029571428571443886,0.0
1730736900,0.039857142857130136,0.0
1730737800,0.06923809523809155,0.0
1730738700,0.17285714285713993,0.0
1730739600,0.12738095238094616,0.0
1730740500,0.029666666666685153,0.0
1730741400,0.034999999999996576,0.0
1730742300,0.029240000000015694,0.0
1730743200,0.03179999999997561,0.0
1730744100,0.026960000000002527,0.0
1730745000,0.028153846153855952,0.0
1730745900,0.03784615384614652,0.0
1730746800,0.02124999999998066,0.0
1730747700,0.02532142857143071,0.0
1730748600,0.03142857142859157,0.0
1730749500,0.027272727272730873,0.0
1730750400,0.031727272727266595,0.0
1730751300,0.06400000000002136,0.0
1730752200,0.04599999999999226,0.0
1730753100,0.051499999999975885,0.0
1730754000,0.09150000000002477,0.0
1730754900,0.16425000000000978,0.0
1730755800,0.023949999999985025,0.0
1730756700,0.020371428571422698,0.0
1730757600,0.012571428571419567,0.0
1730758500,0.006428571428585873,0.0
1730759400,0.0054285714285810995,0.0
1730760300,0.013000000000005224,0.0
1730761200,0.008499999999969522,0.0
1730762100,0.005192307692311701,0.0
1730763000,0.008557692307704184,0.0
1730763900,0.015749999999997023,0.0
1730764800,0.005000000000023869,0.0
1730765700,0.00599999999997179,0.0
1730766600,0.013499999999993394,0.0
1730767500,0.010642857142869376,0.0
1730768400,0.00535714285712173,0.0
1730769300,0.012772727272761113,0.0
1730770200,0.012441558441537371,0.0
1730771100,0.005285714285719212,0.0
1730772000,0.007142857142866878,0.0
1730772900,0.017190476190478417,0.0
1730773800,0.005523809523793927,0.0
1730774700,0.00576785714287097,0.0
1730775600,0.010803571428567676,0.0
1730776500,0.012571428571447983,0.0
1730777400,0.0046666666666510415,0.0
1730778300,0.00833333333332574,0.0
1730779200,0.014000000000009987,0.0
1730780100,0.02112499999998362,0.0
1730781000,0.023875000000003855,0.0
1730781900,0.03366666666667583,0.0
1730782800,0.026787878787871467,0.0
1730783700,0.01227272727271609,0.0
1730784600,0.012272727272744512,0.0
1730785500,0.009000000000014533,0.0
1730786400,0.006428571428557447,0.0
1730787300,0.0055714285714145535,0.0
1730788200,0.014272727272754067,0.0
1730789100,0.007527272727259056,0.0
1730790000,0.006000000000000224,0.0
1730790900,0.013199999999983428,0.0
1730791800,0.010117647058820005,0.0
1730792700,0.005882352941199533,0.0
1730793600,0.01295454545456209,0.0
1730794500,0.009681818181803682,0.0
1730795400,0.005863636363613963,0.0
1730796300,0.010463901394094734,0.0
1730797200,0.01485714285712446,0.0
1730798100,0.006142857142862097,0.0
1730799000,0.005249999999989528,0.0
1730799900,0.01508333333333665,0.0
1730800800,0.007466666666687149,0.0
1730801700,0.006000000000000216,0.0
1730802600,0.01148571428569765,0.0
1730803500,0.011228793750830189,0.0
1730804400,0.004214285714283492,0.0
1730805300,0.004999999999995439,0.0
1730806200,0.015499999999974513,0.0
1730807100,0.010000000000019315,0.0
1730808000,0.024500000000017494,0.0
1730808900,0.034166666666664,0.0
1730809800,0.02833333333333597,0.0
1730810700,0.022999999999967696,0.0
1730811600,0.016610900551446064,0.0
1730812500,0.011166666666667869,0.0
1730813400,0.00466666666665104,0.0
1730814300,0.007816540330873001,0.0
1730815200,0.015250000000008845,0.0
1730816100,0.010556125941078178,0.0
1730817000,0.01381384990095979,0.0
1730817900,0.02084745762712712,0.0
1730818800,0.02084745762712712,0.0
1730819700,0.02084745762712712,0.0
1730820600,0.014728813559315752,0.0
1730821500,0.015882352941190437,0.0
1730822400,0.01911764705880614,0.0
1730823300,0.021999999999991342,0.0
1730824200,0.01881818181820448,0.0
1730825100,0.028181818181792533,0.0
1730826000,0.026833333333343028,0.0
1730826900,0.013166666666677419,0.0
1730827800,0.014947368421019281,0.0
1730828700,0.011052631578962734,0.0
1730829600,0.020749999999992493,0.0
1730830500,0.03400000000002022,0.0
1730831400,0.031650000000013265,0.0
1730832300,0.02645714285711164,0.0
1730833200,0.02068831168830342,0.0
1730834100,0.03795454545453934,0.0
1730835000,0.030595238095258975,0.0
1730835900,0.02619047619049296,0.0
1730836800,0.028714285714272574,0.0
1730837700,0.030000000000001116,0.0
1730838600,0.02692307692308303,0.0
1730839500,0.021258741258748153,0.0
1730840400,0.028818181818166973,0.0
1730841300,0.03585714285713947,0.0
1730842200,0.02700000000001522,0.0
1730843100,0.03594285714282819,0.0
1730844000,0.043200000000013006,0.0
1730844900,0.026142857142872337,0.0
1730845800,0.04771428571427805,0.0
1730846700,0.03794285714286615,0.0
1730847600,0.03669999999999617,0.0
1730848500,0.024299999999982433,0.0
1730849400,0.013700000000000033,0.0
1730850300,0.008287878787882598,0.0
1730851200,0.010454545454564357,0.0
1730852100,0.010157575757574467,0.0
1730853000,0.006171428571406062,0.0
1730853900,0.012666666666689237,0.0
1730854800,0.012928571428574268,0.0
1730855700,0.008749999999992035,0.0
1730856600,0.008749999999992035,0.0
1730857500,0.01241666666666673,0.0
1730858400,0.007516666666674592,0.0
1730859300,0.006199999999978439,0.0
1730860200,0.010485714285721304,0.0
1730861100,0.013857142857148109,0.0
1730862000,0.006000000000000218,0.0
1730862900,0.009977142857138679,0.0
1730863800,0.01110222222223455,0.0
1730864700,0.009166666666658328,0.0
1730865600,0.007325396825393666,0.0
1730866500,0.010230158730166744,0.0
1730867400,0.011531746031721458,0.0
1730868300,0.011380952380960688,0.0
1730869200,0.008809523809532026,0.0
1730870100,0.010000000000019311,0.0
1730871000,0.014333333333325973,0.0
1730871900,0.005300000000005401,0.0
1730872800,0.00403333333332511,0.0
1730873700,0.01566666666667514,0.0
1730874600,0.015352941176473662,0.0
1730875500,0.013917329093771958,0.0
1730876400,0.009108751608749795,0.0
1730877300,0.010357142857145615,0.0
1730878200,0.010357142857145615,0.0
1730879100,0.013150786646606155,0.0
1730880000,0.012413793103462446,0.0
1730880900,0.0066379310344757214,0.0
1730881800,0.003999999999990663,0.0
1730882700,0.010411764705878545,0.0
1730883600,0.009566958698371748,0.0
1730884500,0.008297872340420996,0.0
1730885400,0.008297872340420996,0.0
1730886300,0.013675531914913098,0.0
1730887200,0.019821428571418654,0.0
1730888100,0.016461904761911218,0.0
1730889000,0.013095460417501975,0.0
1730889900,0.01698461538458672,0.0
1730890800,0.008733031674211128,0.0
1730891700,0.07507282913164202,0.0
1730892600,0.007916666666659446,0.0
1730893500,0.013723684210532366,0.0
1730894400,0.005921052631578035,0.0
1730895300,0.005921052631606457,0.0
1730896200,0.007976663356487267,0.0
1730897100,0.008490566037750101,0.0
1730898000,0.00849056603772168,0.0
1730898900,0.008893081761016207,0.0
1730899800,0.00999999999999089,0.0
1730900700,0.010000000000019311,0.0
1730901600,0.009999999999962468,0.0
1730902500,0.026583333333348932,0.0
1730903400,0.014070945945945816,0.0
1730904300,0.012721774193551022,0.0
1730905200,0.010645161290312895,0.0
1730906100,0.01565806451614548,0.0
1730907000,0.011926923076913442,0.0
1730907900,0.029423076923080757,0.0
1730908800,0.017214285714288718,0.0
1730909700,0.08928571428572239,0.0
1730910600,0.22536363636365309,0.0
1730911500,0.028836363636344224,0.0
1730912400,0.0258000000000038,0.0
1730913300,0.02110919540228905,0.0
1730914200,0.04913793103449392,0.0
1730915100,0.05475862068962555,0.0
1730916000,0.049954545454539805,0.0
1730916900,0.05386363636364421,0.0
1730917800,0.03918181818178822,0.0
1730918700,0.01886231884060407,0.0
1730919600,0.015326086956520154,0.0
1730920500,0.015326086956520154,0.0
1730921400,0.018788537549426103,0.0
1730922300,0.0316493506493316,0.0
1730923200,0.03731428571430228,0.0
1730924100,0.0719999999999743,0.0
1730925000,0.07200000000000273,0.0
1730925900,0.07200000000000273,0.0
1730926800,0.06909230769230135,0.0
1730927700,0.06836538461539021,0.0
1730928600,0.06836538461539021,0.0
1730929500,0.04857692307692218,0.0
1730930400,0.006142857142862103,0.0
1730931300,0.005934065934070528,0.0
1730932200,0.017923076923068486,0.0
1730933100,0.008000000000009755,0.0
1730934000,0.006000000000000212,0.0
1730934900,0.021928571428560417,0.0
1730935800,0.007387043189368101,0.0
1730936700,0.00872093023255614,0.0
1730937600,0.00872093023255614,0.0
1730938500,0.011480620155055004,0.0
1730939400,0.00766666666663694,0.0
1730940300,0.00833333333335416,0.0
1730941200,0.012000000000000448,0.0
1730942100,0.010999999999995663,0.0
1730943000,0.010500000000007495,0.0
1730943900,0.012000000000000446,0.0
1730944800,0.01829999999998221,0.0
1730945700,0.027099999999990118,0.0
1730946600,0.02457142857144844,0.0
1730947500,0.00792857142857882,0.0
1730948400,0.007500000000021585,0.0
1730949300,0.015999999999962693,0.0
1730950200,0.006000000000028632,0.0
1730951100,0.0072499999999706514,0.0
1730952000,0.009430000000008924,0.0
1730952900,0.014399999999994861,0.0
1730953800,0.0069200000000080135,0.0
1730954700,0.005428571428581097,0.0
1730955600,0.00584415584415864,0.0
1730956500,0.016393939393935842,0.0
1730957400,0.0071794871794850145,0.0
1730958300,0.006153846153836167,0.0
1730959200,0.004428571428576325,0.0
1730960100,0.013428571428562446,0.0
1730961000,0.011597402597431009,0.0
1730961900,0.01227272727271609,0.0
1730962800,0.022272727272735427,0.0
1730963700,0.03174999999998817,0.0
1730964600,0.03197727272726068,0.0
1730965500,0.01927272727274952,0.0
1730966400,0.005181818181796401,0.0
1730967300,0.011429292929307151,0.0
1730968200,0.010055555555538827,0.0
1730969100,0.004333333333363485,0.0
1730970000,0.0049999999999954395,0.0
1730970900,0.015937500000006804,0.0
1730971800,0.009062499999970436,0.0
1730972700,0.004727272727279786,0.0
1730973600,0.006000000000000218,0.0
1730974500,0.01667272727272005,0.0
1730975400,0.00760000000002491,0.0
1730976300,0.006153846153836167,0.0
1730977200,0.0051188811188751454,0.0
1730978100,0.016727272727251812,0.0
1730979000,0.007333333333349393,0.0
1730979900,0.0056666666666842355,0.0
1730980800,0.011428571428552895,0.0
1730981700,0.024571428571448447,0.0
1730982600,0.0129999999999768,0.0
1730983500,0.009000000000014542,0.0
1730984400,0.05400000000000203,0.0
1730985300,0.06100000000000705,0.0
1730986200,0.04299999999997793,0.0
1730987100,0.022250000000013856,0.0
1730988000,0.02674999999999272,0.0
1730988900,0.009700000000009349,0.0
1730989800,0.02580000000000381,0.0
1730990700,0.03029999999998267,0.0
1730991600,0.04542222222221426,0.0
1730992500,0.04177777777778145,0.0
1730993400,0.020800000000008353,0.0
1730994300,0.029200000000002994,0.0
1730995200,0.02709999999999011,0.0
1730996100,0.02756666666667228,0.0
1730997000,0.02500000000000567,0.0
1730997900,0.021833333333347575,0.0
1730998800,0.011299999999977207,0.0
1730999700,0.005381818181831462,0.0
1731000600,0.005818181818170831,0.0
1731001500,0.013999999999981565,0.0
1731002400,0.00915384615387892,0.0
1731003300,0.005846153846135835,0.0
1731004200,0.0055000000000120395,0.0
1731005100,0.015642857142836402,0.0
1731006000,0.011457142857153702,0.0
1731006900,0.006707692307685414,0.0
1731007800,0.02069230769231466,0.0
1731008700,0.029333333333340757,0.0
1731009600,0.02966666666665673,0.0
1731010500,0.030333333333345525,0.0
1731011400,0.021380952380951605,0.0
1731012300,0.03746218487395936,0.0
1731013200,0.030490196078432057,0.0
1731014100,0.014833333333342563,0.0
1731015000,0.004785714285702616,0.0
1731015900,0.010714285714271892,0.0
1731016800,0.012833333333333013,0.0
1731017700,0.018499999999988838,0.0
1731018600,0.05033333333335576,0.0
1731019500,0.060333333333318244,0.0
1731020400,0.05083333333334393,0.0
1731021300,0.029023809523806666,0.0
1731022200,0.008142857142843228,0.0
1731023100,0.01300000000000521,0.0
1731024000,0.011428571428581318,0.0
1731024900,0.005285714285719214,0.0
1731025800,0.00514285714285733,0.0
1731026700,0.008688311688302964,0.0
1731027600,0.014454545454555026,0.0
1731028500,0.003999999999990659,0.0
1731029400,0.006142857142862107,0.0
1731030300,0.009241758241756761,0.0
1731031200,0.014615384615382239,0.0
1731032100,0.006357142857154931,0.0
1731033000,0.005142857142857319,0.0
1731033900,0.01049999999997906,0.0
1731034800,0.012875000000008166,0.0
1731035700,0.007125000000002033,0.0
1731036600,0.004588235294107784,0.0
1731037500,0.008823529411785097,0.0
1731038400,0.015159663865546225,0.0
1731039300,0.006678571428551535,0.0
1731040200,0.006750000000010898,0.0
1731041100,0.009363636363644885,0.0
1731042000,0.012727272727261136,0.0
1731042900,0.005438502673797513,0.0
1731043800,0.004288770053477708,0.0
1731044700,0.010981818181818414,0.0
1731045600,0.012628571428564325,0.0
1731046500,0.022904761904754864,0.0
1731047400,0.021277777777783044,0.0
1731048300,0.03338888888887935,0.0
1731049200,0.042363636363631926,0.0
1731050100,0.03849350649352345,0.0
1731051000,0.010142857142852775,0.0
1731051900,0.013333333333349611,0.0
1731052800,0.0059393939393998976,0.0
1731053700,0.004727272727251366,0.0
1731054600,0.006600000000020144,0.0
1731055500,0.01739999999998076,0.0
1731056400,0.005600000000015365,0.0
1731057300,0.00440000000000395,0.0
1731058200,0.008499999999997945,0.0
1731059100,0.013499999999964969,0.0
1731060000,0.0074285714285906405,0.0
1731060900,0.006071428571431161,0.0
1731061800,0.011699999999990487,0.0
1731062700,0.01090526315789474,0.0
1731063600,0.007894736842104047,0.0
1731064500,0.00792857142857883,0.0
1731065400,0.011785714285707622,0.0
1731066300,0.008285714285733542,0.0
1731067200,0.005526315789467143,0.0
1731068100,0.006330827067671388,0.0
1731069000,0.012267857142859365,0.0
1731069900,0.00814772727269995,0.0
1731070800,0.0038383838383992835,0.0
1731071700,0.006317460317461604,0.0
1731072600,0.02214285714285323,0.0
1731073500,0.023428571428581773,0.0
1731074400,0.031599999999997394,0.0
1731075300,0.028105882352946303,0.0
1731076200,0.02558823529409437,0.0
1731077100,0.02483921568634172,0.0
1731078000,0.026616666666654954,0.0
1731078900,0.027865384615381565,0.0
1731079800,0.03167032967033377,0.0
1731080700,0.014785714285721948,0.0
1731081600,0.005071428571426379,0.0
1731082500,0.0063571428571265135,0.0
1731083400,0.014055555555586336,0.0
1731084300,0.007752136752117152,0.0
1731085200,0.009230769230782676,0.0
1731086100,0.008769230769189543,0.0
1731087000,0.005730769230780185,0.0
1731087900,0.0063888888888925365,0.0
1731088800,0.010833333333323477,0.0
1731089700,0.010833333333351899,0.0
1731090600,0.011777777777808734,0.0
1731091500,0.011249999999989746,0.0
1731092400,0.0071785714285681305,0.0
1731093300,0.011285714285719443,0.0
1731094200,0.010885714285706154,0.0
1731095100,0.00425714285714206,0.0
1731096000,0.012517857142853453,0.0
1731096900,0.005625000000009084,0.0
1731097800,0.005625000000009084,0.0
1731098700,0.016022058823523366,0.0
1731099600,0.007452941176495637,0.0
1731100500,0.005511111111104573,0.0
1731101400,0.009246031746016566,0.0
1731102300,0.009642857142864612,0.0
1731103200,0.009642857142864612,0.0
1731104100,0.01110714285712788,0.0
1731105000,0.020625000000023864,0.0
1731105900,0.020624999999995442,0.0
1731106800,0.030000000000001116,0.0
1731107700,0.029999999999972694,0.0
1731108600,0.022596153846166075,0.0
1731109500,0.00778846153846757,0.0
1731110400,0.00778846153846757,0.0
1731111300,0.00778846153846757,0.0
1731112200,0.008887518142245181,0.0
1731113100,0.009056603773586839,0.0
1731114000,0.009056603773586839,0.0
1731114900,0.011504607283910655,0.0
1731115800,0.008372093023240261,0.0
1731116700,0.008372093023268681,0.0
1731117600,0.006732558139532317,0.0
1731118500,0.006264705882358596,0.0
1731119400,0.013235294117606577,0.0
1731120300,0.013999999999981562,0.0
1731121200,0.014499999999998164,0.0
1731122100,0.005326086956529247,0.0
1731123000,0.006173913043483021,0.0
1731123900,0.011000000000024084,0.0
1731124800,0.012714285714253029,0.0
1731125700,0.005857142857166754,0.0
1731126600,0.004161904761872381,0.0
1731127500,0.014266666666685513,0.0
1731128400,0.030520000000024073,0.0
1731129300,0.028199999999969805,0.0
1731130200,0.02428000000003294,0.0
1731131100,0.023399999999980974,0.0
1731132000,0.017556521739152214,0.0
1731132900,0.005869565217381007,0.0
1731133800,0.005869565217381007,0.0
1731134700,0.0076727688787059205,0.0
1731135600,0.012631578947377852,0.0
1731136500,0.004999999999995445,0.0
1731137400,0.006153846153893015,0.0
1731138300,0.016131868131822092,0.0
1731139200,0.0063142857142679445,0.0
1731140100,0.005672727272724384,0.0
1731141000,0.00683253588516663,0.0
1731141900,0.015789473684264962,0.0
1731142800,0.006693498451966202,0.0
1731143700,0.005095975232222819,0.0
1731144600,0.0063157894736605045,0.0
1731145500,0.017250000000046818,0.0
1731146400,0.00656818181818152,0.0
1731147300,0.007038961038915651,0.0
1731148200,0.010714285714300314,0.0
1731149100,0.012095238095241703,0.0
1731150000,0.005261904761880471,0.0
1731150900,0.004500000000007266,0.0
1731151800,0.012704761904785753,0.0
1731152700,0.010866666666686335,0.0
1731153600,0.004874999999969978,0.0
1731154500,0.010744047619056101,0.0
1731155400,0.013952380952360934,0.0
1731156300,0.01900000000000544,0.0
1731157200,0.022941176470567357,0.0
1731158100,0.04139215686276997,0.0
1731159000,0.01765900383139751,0.0
1731159900,0.009310344827611058,0.0
1731160800,0.009310344827554214,0.0
1731161700,0.009310344827611058,0.0
1731162600,0.009083164300193399,0.0
1731163500,0.008637454981965215,0.0
1731164400,0.008265306122439134,0.0
1731165300,0.008265306122495977,0.0
1731166200,0.008077922077916347,0.0
1731167100,0.0046363636363366744,0.0
1731168000,0.006624999999985433,0.0
1731168900,0.008375000000057744,0.0
1731169800,0.015142857142848227,0.0
1731170700,0.006190476190454314,0.0
1731171600,0.005523809523822356,0.0
1731172500,0.011542857142842413,0.0
1731173400,0.011399999999980532,0.0
1731174300,0.006200000000035285,0.0
1731175200,0.007142857142866876,0.0
1731176100,0.012657142857108276,0.0
1731177000,0.009800000000041099,0.0
1731177900,0.006149999999990982,0.0
1731178800,0.007583333333286634,0.0
1731179700,0.011222222222215795,0.0
1731180600,0.010158730158764222,0.0
1731181500,0.00450793650793457,0.0
1731182400,0.003977777777777188,0.0
1731183300,0.027550000000019274,0.0
1731184200,0.032107142857171304,0.0
1731185100,0.02633035714279685,0.0
1731186000,0.0233680555555793,0.0
1731186900,0.01801587301588369,0.0
1731187800,0.009095238095255793,0.0
1731188700,0.004619047619030419,0.0
1731189600,0.007714285714257573,0.0
1731190500,0.013142857142838686,0.0
1731191400,0.004607142857139465,0.0
1731192300,0.005073529411788507,0.0
1731193200,0.009358288770044949,0.0
1731194100,0.014818181818213793,0.0
1731195000,0.005294117647053998,0.0
1731195900,0.004411764705878325,0.0
1731196800,0.013094117647085549,0.0
1731197700,0.011342857142778936,0.0
1731198600,0.0055844155844511035,0.0
1731199500,0.00545454545454049,0.0
1731200400,0.01448484848486941,0.0
1731201300,0.010179487179470922,0.0
1731202200,0.006403846153830268,0.0
1731203100,0.0064642857143439765,0.0
1731204000,0.01337662337658684,0.0
1731204900,0.010227272727263426,0.0
1731205800,0.005143356643372946,0.0
1731206700,0.0049384615384724185,0.0
1731207600,0.013418181818167329,0.0
1731208500,0.009335664335651452,0.0
1731209400,0.007499999999993164,0.0
1731210300,0.010692307692323757,0.0
1731211200,0.017153846153860272,0.0
1731212100,0.022846153846131742,0.0
1731213000,0.033071428571417975,0.0
1731213900,0.024888571428590453,0.0
1731214800,0.019639999999981218,0.0
1731215700,0.00906666666668342,0.0
1731216600,0.00983333333331869,0.0
1731217500,0.008357142857164471,0.0
1731218400,0.006428571428557451,0.0
1731219300,0.006428571428585873,0.0
1731220200,0.010496240601469234,0.0
1731221100,0.006932330827083872,0.0
1731222000,0.0043571428571453795,0.0
1731222900,0.01200000000000044,0.0
1731223800,0.010666666666679692,0.0
1731224700,0.005833333333328006,0.0
1731225600,0.0071052631578822885,0.0
1731226500,0.01578947368423654,0.0
1731227400,0.00696240601502039,0.0
1731228300,0.005642857142845505,0.0
1731229200,0.009409090909088029,0.0
1731230100,0.013636363636379652,0.0
1731231000,0.007954545454538199,0.0
1731231900,0.0040454545454622305,0.0
1731232800,0.01467676767677516,0.0
1731233700,0.009883040935648053,0.0
1731234600,0.006323308270680161,0.0
1731235500,0.009571428571433655,0.0
1731236400,0.012428571428586091,0.0
1731237300,0.004471428571406468,0.0
1731238200,0.005300000000005405,0.0
1731239100,0.02979999999999448,0.0
1731240000,0.032800000000008815,0.0
1731240900,0.027472727272737522,0.0
1731241800,0.019340175953061582,0.0
1731242700,0.018870967741946736,0.0
1731243600,0.0065786290322478016,0.0
1731244500,0.004687500000017035,0.0
1731245400,0.00924999999998021,0.0
1731246300,0.013599999999996717,0.0
1731247200,0.0049384615384724185,0.0
1731248100,0.005461538461560153,0.0
1731249000,0.015899999999987795,0.0
1731249900,0.00482727272728311,0.0
1731250800,0.00447272727271297,0.0
1731251700,0.006799999999998352,0.0
1731252600,0.016090909090905815,0.0
1731253500,0.00576623376622364,0.0
1731254400,0.0049428571428791115,0.0
1731255300,0.013599999999996719,0.0
1731256200,0.00931428571428227,0.0
1731257100,0.005785714285707382,0.0
1731258000,0.0074999999999931545,0.0
1731258900,0.01540000000002804,0.0
1731259800,0.004599999999982162,0.0
1731260700,0.005428571428581088,0.0
1731261600,0.013571428571424338,0.0
1731262500,0.020133333333319563,0.0
1731263400,0.009866666666681545,0.0
1731264300,0.027571428571434346,0.0
1731265200,0.03214285714284415,0.0
1731266100,0.03214285714284415,0.0
1731267000,0.036920634920647885,0.0
1731267900,0.043888888888886854,0.0
1731268800,0.03172222222221421,0.0
1731269700,0.026611111111122902,0.0
1731270600,0.02534999999994624,0.0
1731271500,0.014583333333348474,0.0
1731272400,0.016743589743612106,0.0
1731273300,0.018923076923044835,0.0
1731274200,0.016999999999995897,0.0
1731275100,0.007222222222253532,0.0
1731276000,0.005206349206332553,0.0
1731276900,0.010971428571451714,0.0
1731277800,0.012349999999969425,0.0
1731278700,0.006583333333310277,0.0
1731279600,0.005666666666741083,0.0
1731280500,0.011956521739136841,0.0
1731281400,0.012710144927495982,0.0
1731282300,0.005555555555531546,0.0
1731283200,0.006666666666660594,0.0
1731284100,0.013111111111129486,0.0
1731285000,0.00900000000001453,0.0
1731285900,0.004687499999988614,0.0
1731286800,0.008403409090931282,0.0
1731287700,0.01190909090905733,0.0
1731288600,0.009800000000041094,0.0
1731289500,0.007721739130431605,0.0
1731290400,0.008152173913003923,0.0
1731291300,0.008152173913060766,0.0
1731292200,0.005526854219965558,0.0
1731293100,0.011932773109208471,0.0
1731294000,0.02183928571429305,0.0
1731294900,0.03562500000003865,0.0
1731295800,0.0299999999999727,0.0
1731296700,0.020340909090918995,0.0
1731297600,0.009181818181787083,0.0
1731298500,0.012977272727312075,0.0
1731299400,0.0034642857142443764,0.0
1731300300,0.006747252747288697,0.0
1731301200,0.010384615384623418,0.0
1731302100,0.01001098901099339,0.0
1731303000,0.004262857142862223,0.0
1731303900,0.004199999999968885,0.0
1731304800,0.008880000000033297,0.0
1731305700,0.012000000000000448,0.0
1731306600,0.016860000000008306,0.0
1731307500,0.020099999999956705,0.0
1731308400,0.020100000000013548,0.0
1731309300,0.016962222222218763,0.0
1731310200,0.006027777777774175,0.0
1731311100,0.004178571428610654,0.0
1731312000,0.01399999999995315,0.0
1731312900,0.009571428571462084,0.0
1731313800,0.005333333333282993,0.0
1731314700,0.005333333333339845,0.0
1731315600,0.011969696969742916,0.0
1731316500,0.009863636363604638,0.0
1731317400,0.005249999999989529,0.0
1731318300,0.005964285714298949,0.0
1731319200,0.015428571428571994,0.0
1731320100,0.028857142857134463,0.0
1731321000,0.02449999999998907,0.0
1731321900,0.031000000000005894,0.0
1731322800,0.03083333333336212,0.0
1731323700,0.005380952380903627,0.0
1731324600,0.005185714285744313,0.0
1731325500,0.06009999999997717,0.0
1731326400,0.15075000000001637,0.0
1731327300,0.02391666666665058,0.0
1731328200,0.024904761904792835,0.0
1731329100,0.029428571428582,0.0
1731330000,0.030333333333317107,0.0
1731330900,0.042333333333317555,0.0
1731331800,0.048266666666677324,0.0
1731332700,0.0375666666666916,0.0
1731333600,0.023999999999944056,0.0
1731334500,0.025500000000022272,0.0
1731335400,0.02128571428573876,0.0
1731336300,0.014896103896091953,0.0
1731337200,0.005818181818199248,0.0
1731338100,0.0054999999999836135,0.0
1731339000,0.010999999999967236,0.0
1731339900,0.012000000000000436,0.0
1731340800,0.004214285714283498,0.0
1731341700,0.006285714285752408,0.0
1731342600,0.01900000000000544,0.0
1731343500,0.016666666666651498,0.0
1731344400,0.015733333333344018,0.0
1731345300,0.06159999999999854,0.0
1731346200,0.048555555555537915,0.0
1731347100,0.045819444444475714,0.0
1731348000,0.04576785714283459,0.0
1731348900,0.05724844720498366,0.0
1731349800,0.04695652173910502,0.0
1731350700,0.03945217391304822,0.0
1731351600,0.02519999999998389,0.0
1731352500,0.03620000000006484,0.0
1731353400,0.023163636363619837,0.0
1731354300,0.02377922077920401,0.0
1731355200,0.02285714285716266,0.0
1731356100,0.026999999999986795,0.0
1731357000,0.023000000000024542,0.0
1731357900,0.023285714285691473,0.0
1731358800,0.036964285714304865,0.0
1731359700,0.030749999999954966,0.0
1731360600,0.02600000000001045,0.0
1731361500,0.024400000000014174,0.0
1731362400,0.03800000000001091,0.0
1731363300,0.02859999999998307,0.0
1731364200,0.02420000000000753,0.0
1731365100,0.020163636363633927,0.0
1731366000,0.01420779220779876,0.0
1731366900,0.005974025974012406,0.0
1731367800,0.004300699300699749,0.0
1731368700,0.01088111888111597,0.0
1731369600,0.010701298701292208,0.0
1731370500,0.006571428571419327,0.0
1731371400,0.00375000000002499,0.0
1731372300,0.01425000000000407,0.0
1731373200,0.021799999999984703,0.0
1731374100,0.025800000000003803,0.0
1731375000,0.021233333333327647,0.0
1731375900,0.04116666666669743,0.0
1731376800,0.011749999999949506,0.0
1731377700,0.003750000000025,0.0
1731378600,0.007749999999987253,0.0
1731379500,0.013972222222264456,0.0
1731380400,0.004444444444402495,0.0
1731381300,0.0035833333333243713,0.0
1731382200,0.010416666666685595,0.0
1731383100,0.01249999999998861,0.0
1731384000,0.0048333333333516635,0.0
1731384900,0.003857142857157208,0.0
1731385800,0.015142857142848224,0.0
1731386700,0.00999999999999089,0.0
1731387600,0.004999999999995443,0.0
1731388500,0.005499999999983609,0.0
1731389400,0.016166666666663318,0.0
1731390300,0.008333333333325744,0.0
1731391200,0.005333333333396678,0.0
1731392100,0.00574358974353116,0.0
1731393000,0.011723076923090027,0.0
1731393900,0.010600000000010814,0.0
1731394800,0.005155555555518265,0.0
1731395700,0.008333333333325742,0.0
1731396600,0.013311111111136127,0.0
1731397500,0.0053000000000338245,0.0
1731398400,0.013346153846100595,0.0
1731399300,0.024725274725312815,0.0
1731400200,0.030295238095220594,0.0
1731401100,0.031000000000005894,0.0
1731402000,0.02163333333334093,0.0
1731402900,0.014900000000011442,0.0
1731403800,0.007599999999968071,0.0
1731404700,0.00528571428577605,0.0
1731405600,0.005964285714242113,0.0
1731406500,0.016416666666714253,0.0
1731407400,0.012019047619020267,0.0
1731408300,0.011228793750830189,0.0
1731409200,0.004214285714283492,0.0
1731410100,0.004999999999995439,0.0
1731411000,0.015499999999974513,0.0
1731411900,0.010000000000019315,0.0
1731412800,0.02283333333332392,0.0
1731413700,0.01100000000002408,0.0
1731414600,0.005099999999970343,0.0
1731415500,0.005100000000084028,0.0
1731416400,0.013133333333314552,0.0
1731417300,0.010566666666647944,0.0
1731418200,0.004933333333326567,0.0
1731419100,0.006166666666672421,0.0
1731420000,0.016099999999994435,0.0
1731420900,0.007542857142880157,0.0
1731421800,0.004571428571409789,0.0
1731422700,0.006714285714281223,0.0
1731423600,0.013171428571411067,0.0
1731424500,0.00867272727276713,0.0
1731425400,0.009727272727275233,0.0
1731426300,0.031142857142867797,0.0
1731427200,0.034294642857105366,0.0
1731428100,0.025762499999984808,0.0
1731429000,0.017942857142827492,0.0
1731429900,0.015023809523881921,0.0
1731430800,0.018666666666661044,0.0
1731431700,0.019166666666649217,0.0
1731432600,0.022857142857162657,0.0
1731433500,0.021758241758220706,0.0
1731434400,0.02769230769234808,0.0
1731435300,0.027692307692291238,0.0
1731436200,0.028428571428548807,0.0
1731437100,0.025904761904769192,0.0
1731438000,0.25466666666665105,0.0
1731438900,0.0665714285714216,0.0
1731439800,0.02942857142858201,0.0
1731440700,0.02838095238092818,0.0
1731441600,0.026333333333354844,0.0
1731442500,0.025785714285689196,0.0
1731443400,0.034785714285703755,0.0
1731444300,0.024000000000057746,0.0
1731445200,0.026047619047631077,0.0
1731446100,0.026809523809504285,0.0
1731447000,0.026190476190436126,0.0
1731447900,0.014466666666692156,0.0
1731448800,0.029200000000002987,0.0
1731449700,0.041000000000053646,0.0
1731450600,0.03666666666657646,0.0
1731451500,0.21225641025642972,0.0
1731452400,0.30507692307696743,0.0
1731453300,0.2526666666666415,0.0
1731454200,0.27166666666664696,0.0
1731455100,0.24800000000004727,0.0
1731456000,0.2699523809523612,0.0
1731456900,0.2654761904761927,0.0
1731457800,0.26123809523807046,0.0
1731458700,0.25874999999996356,0.0
1731459600,0.22825000000005954,0.0
1731460500,0.29362500000002,0.0
1731461400,0.26418749999999136,0.0
1731462300,0.2584732142856865,0.0
1731463200,0.2617767857142894,0.0
1731464100,0.2637708333333535,0.0
1731465000,0.2584607843136837,0.0
1731465900,0.258705882352956,0.0
1731466800,0.26914285714286734,0.0
1731467700,0.2598571428571291,0.0
1731468600,0.2580000000000382,0.0
1731469500,0.2616666666666561,0.0
1731470400,0.2636666666666656,0.0
1731471300,0.25343137254901654,0.0
1731472200,0.20275529411765095,0.0
1731473100,0.14159999999998263,0.0
1731474000,0.02754666666669435,0.0
1731474900,0.00133333333332075,0.0
1731475800,0.0,0.0
1731476700,0.0,0.0
1731477600,0.0,0.0
1731478500,0.0,0.0
1731479400,0.0,0.0
1731480300,0.0,0.0
1731481200,0.0,0.0
1731482100,0.0,0.0
1731483000,0.0,0.0
1731483900,0.0,0.0
1731484800,0.0,0.0
1731485700,0.0,0.0
1731486600,0.0,0.0
1731487500,0.0,0.0
1731488400,0.0,0.0
1731489300,0.0,0.0
1731490200,0.0,0.0
1731491100,0.0,0.0
1731492000,0.0,0.0
1731492900,0.0,0.0
1731493800,0.0011428571428382364,0.0
1731494700,0.0049999999999954395,0.0
1731495600,0.19742857142858838,0.0
1731496500,0.2971785714285602,0.0
1731497400,0.13430882352946583,0.0
1731498300,0.0051911764705323505,0.0
1731499200,0.011113636363631933,0.0
1731500100,0.010559440559461562,0.0
1731501000,0.005769230769260502,0.0
1731501900,0.0045076923076408015,0.0
1731502800,0.0117999999999938,0.0
1731503700,0.00928571428573832,0.0
1731504600,0.004589285714246205,0.0
1731505500,0.005125000000020902,0.0
1731506400,0.012444444444497538,0.0
1731507300,0.007863247863213005,0.0
1731508200,0.0052923076922866,0.0
1731509100,0.00799999999998134,0.0
1731510000,0.013685714285770683,0.0
1731510900,0.004380952380927279,0.0
1731511800,0.003833333333375305,0.0
1731512700,0.011099999999942146,0.0
1731513600,0.02140000000002828,0.0
1731514500,0.09314285714285118,0.0
1731515400,0.22536363636365309,0.0
1731516300,0.028836363636344224,0.0
1731517200,0.0258000000000038,0.0
1731518100,0.02110919540228905,0.0
1731519000,0.04913793103449392,0.0
1731519900,0.05475862068962555,0.0
1731520800,0.049954545454539805,0.0
1731521700,0.05386363636364421,0.0
1731522600,0.03918181818178822,0.0
1731523500,0.01886231884060407,0.0
1731524400,0.015326086956520154,0.0
1731525300,0.015326086956520154,0.0
1731526200,0.018788537549426103,0.0
1731527100,0.0316493506493316,0.0
1731528000,0.03731428571430228,0.0
1731528900,0.04119999999997502,0.0
1731529800,0.02809523809526125,0.0
1731530700,0.02285714285716266,0.0
1731531600,0.024869047619006317,0.0
1731532500,0.025178571428568823,0.0
1731533400,0.02750000000003182,0.0
1731534300,0.024499999999989065,0.0
1731535200,0.03179999999997561,0.0
1731536100,0.03320000000002209,0.0
1731537000,0.03899999999998725,0.0
1731537900,0.006400000000041915,0.0
1731538800,0.008849999999938511,0.0
1731539700,0.014250000000060919,0.0
1731540600,0.004590909090893536,0.0
1731541500,0.0036233766233521986,0.0
1731542400,0.00828571428570511,0.0
1731543300,0.013714285714286218,0.0
1731544200,0.003985714285761321,0.0
1731545100,0.00444285714280567,0.0
1731546000,0.015412698412717411,0.0
1731546900,0.005777777777780084,0.0
1731547800,0.00416666666666287,0.0
1731548700,0.007499999999993162,0.0
1731549600,0.00863636363635578,0.0
1731550500,0.00863636363635578,0.0
1731551400,0.005027272727261322,0.0
1731552300,0.009790909090952477,0.0
1731553200,0.012659090909096437,0.0
1731554100,0.004449999999962973,0.0
1731555000,0.004050000000006532,0.0
1731555900,0.008750000000020448,0.0
1731556800,0.012375000000019997,0.0
1731557700,0.00519642857142343,0.0
1731558600,0.0041558441558322435,0.0
1731559500,0.01377272727273748,0.0
1731560400,0.00874999999996361,0.0
1731561300,0.0044166666666569515,0.0
1731562200,0.006333333333373035,0.0
1731563100,0.01321428571429805,0.0
1731564000,0.007170329670316265,0.0
1731564900,0.004615384615362916,0.0
1731565800,0.009363636363673307,0.0
1731566700,0.011836363636348312,0.0
1731567600,0.00546666666662076,0.0
1731568500,0.004333333333363485,0.0
1731569400,0.011461538461560387,0.0
1731570300,0.011538461538464152,0.0
1731571200,0.00471428571427167,0.0
1731572100,0.004785714285731033,0.0
1731573000,0.013166666666677408,0.0
1731573900,0.008611111111065372,0.0
1731574800,0.004166666666719702,0.0
1731575700,0.005805555555525627,0.0
1731576600,0.01614999999998189,0.0
1731577500,0.004655555555530085,0.0
1731578400,0.007064444444495149,0.0
1731579300,0.009599999999977609,0.0
1731580200,0.011087692307739866,0.0
1731581100,0.004038461538414137,0.0
1731582000,0.006683257918552943,0.0
1731582900,0.011016042780738627,0.0
1731583800,0.008565656565679083,0.0
1731584700,0.004388888888854563,0.0
1731585600,0.00616666666672925,0.0
1731586500,0.014583333333291643,0.0
1731587400,0.00537499999995815,0.0
1731588300,0.004517857142900531,0.0
1731589200,0.011857142857138563,0.0
1731590100,0.010666666666679685,0.0
1731591000,0.0046666666666510415,0.0
1731591900,0.005066666666664312,0.0
1731592800,0.009600000000034458,0.0
1731593700,0.012000000000000443,0.0
1731594600,0.0049999999999954395,0.0
1731595500,0.007499999999993161,0.0
1731596400,0.02214705882352062,0.0
1731597300,0.012352941176459346,0.0
1731598200,0.01483333333334256,0.0
1731599100,0.013666666666608757,0.0
1731600000,0.02150000000006001,0.0
1731600900,0.01246153846153674,0.0
1731601800,0.025938461538487435,0.0
1731602700,0.03969999999998208,0.0
1731603600,0.02420000000000755,0.0
1731604500,0.02642727272728961,0.0
1731605400,0.006772727272675628,0.0
1731606300,0.014499999999998165,0.0
1731607200,0.006500000000016808,0.0
1731608100,0.004500000000007263,0.0
1731609000,0.006750000000010904,0.0
1731609900,0.012964285714303964,0.0
1731610800,0.0061190476189949446,0.0
1731611700,0.004893939393980402,0.0
1731612600,0.009558441558397118,0.0
1731613500,0.010814285714275222,0.0
1731614400,0.004200000000025725,0.0
1731615300,0.004414285714290136,0.0
1731616200,0.010685714285727937,0.0
1731617100,0.01041818181818143,0.0
1731618000,0.003922558922567972,0.0
1731618900,0.011111111111063103,0.0
1731619800,0.010433862433899313,0.0
1731620700,0.005098901098904193,0.0
1731621600,0.0042307692307303885,0.0
1731622500,0.008634615384607953,0.0
1731623400,0.01525000000003727,0.0
1731624300,0.00562499999995224,0.0
1731625200,0.0057840909091169,0.0
1731626100,0.012715909090957194,0.0
1731627000,0.010743421052609373,0.0
1731627900,0.005131578947384673,0.0
1731628800,0.005131578947327829,0.0
1731629700,0.013743421052652126,0.0
1731630600,0.008025000000031911,0.0
1731631500,0.004138461538445865,0.0
1731632400,0.009356275303616692,0.0
1731633300,0.00901435406700556,0.0
1731634200,0.007590909090879441,0.0
1731635100,0.003676470588231935,0.0
1731636000,0.008823529411756676,0.0
1731636900,0.012900000000001901,0.0
1731637800,0.0026000000000294616,0.0
1731638700,0.004071428571421603,0.0
1731639600,0.011519480519496018,0.0
1731640500,0.009967914438448114,0.0
1731641400,0.006341176470641577,0.0
1731642300,0.007482352941167381,0.0
1731643200,0.00966310160424653,0.0
1731644100,0.009545454545502688,0.0
1731645000,0.0065757575757743195,0.0
1731645900,0.0071111111110439985,0.0
1731646800,0.013333333333378031,0.0
1731647700,0.008525252525203078,0.0
1731648600,0.0039350649350922,0.0
1731649500,0.010487394957976884,0.0
1731650400,0.013274509803920843,0.0
1731651300,0.005666666666684245,0.0
1731652200,0.004772727272722909,0.0
1731653100,0.010671717171703659,0.0
1731654000,0.018055555555577016,0.0
1731654900,0.012642857142850497,0.0
1731655800,0.0047571428571586616,0.0
1731656700,0.013699999999971622,0.0
1731657600,0.01040000000000418,0.0
1731658500,0.0051818181818248325,0.0
1731659400,0.0051038961038898266,0.0
1731660300,0.017571428571443434,0.0
1731661200,0.005271062271049223,0.0
1731662100,0.008461538461517645,0.0
1731663000,0.008461538461574488,0.0
1731663900,0.008159244264504638,0.0
1731664800,0.007389473684213483,0.0
1731665700,0.005100000000027186,0.0
1731666600,0.008855555555555837,0.0
1731667500,0.00916666666665833,0.0
1731668400,0.009230158730133546,0.0
1731669300,0.010047619047611518,0.0
1731670200,0.01619999999996934,0.0
1731671100,0.007133333333342749,0.0
1731672000,0.004666666666707887,0.0
1731672900,0.012000000000000446,0.0
1731673800,0.009727272727218388,0.0
1731674700,0.006772727272789316,0.0
1731675600,0.00449999999995041,0.0
1731676500,0.00954545454550269,0.0
1731677400,0.01181168831163857,0.0
1731678300,0.005087301587309394,0.0
1731679200,0.0033333333333302965,0.0
1731680100,0.01622222222221125,0.0
1731681000,0.005900000000053745,0.0
1731681900,0.006100000000003533,0.0
1731682800,0.007499999999993161,0.0
1731683700,0.011666666666656033,0.0
1731684600,0.005833333333328006,0.0
1731685500,0.008100000000013074,0.0
1731686400,0.00809999999995623,0.0
1731687300,0.008100000000013074,0.0
1731688200,0.006881818181852836,0.0
1731689100,0.00643356643354308,0.0
1731690000,0.013884615384597497,0.0
1731690900,0.007500000000050005,0.0
1731691800,0.006272727272687451,0.0
1731692700,0.010071022727288435,0.0
1731693600,0.010781249999979536,0.0
1731694500,0.007404411764753136,0.0
1731695400,0.0063796791443451,0.0
1731696300,0.01172248803828778,0.0
1731697200,0.007894736842104046,0.0
1731698100,0.007894736842104046,0.0
1731699000,0.01069005847949709,0.0
1731699900,0.01126984126989326,0.0
1731700800,0.007142857142810033,0.0
1731701700,0.00735119047624266,0.0
1731702600,0.008125000000006818,0.0
1731703500,0.012499999999988612,0.0
1731704400,0.007312499999954971,0.0
1731705300,0.027187500000024997,0.0
1731706200,0.027187500000024997,0.0
1731707100,0.027187499999968154,0.0
1731708000,0.01848214285718086,0.0
1731708900,0.0071428571428100345,0.0
1731709800,0.020625000000023864,0.0
1731710700,0.020624999999995442,0.0
1731711600,0.030000000000001116,0.0
1731712500,0.029999999999972694,0.0
1731713400,0.022596153846166075,0.0
1731714300,0.00778846153846757,0.0
1731715200,0.00778846153846757,0.0
1731716100,0.00778846153846757,0.0
1731717000,0.008887518142245181,0.0
1731717900,0.009056603773586839,0.0
1731718800,0.009056603773586839,0.0
1731719700,0.011504607283910655,0.0
1731720600,0.0069978858350907445,0.0
1731721500,0.004784090909083711,0.0
1731722400,0.015125000000011803,0.0
1731723300,0.0089999999999577,0.0
1731724200,0.007806451612964327,0.0
1731725100,0.008709677419346905,0.0
1731726000,0.012341013824880058,0.0
1731726900,0.006476190476178079,0.0
1731727800,0.004999999999995445,0.0
1731728700,0.010393939393964038,0.0
1731729600,0.014090909090896272,0.0
1731730500,0.006396103896122426,0.0
1731731400,0.005385714285694107,0.0
1731732300,0.010299999999972423,0.0
1731733200,0.012457142857158479,0.0
1731734100,0.005642857142845493,0.0
1731735000,0.0037142857142953233,0.0
1731735900,0.03103571428573558,0.0
1731736800,0.0315576923076719,0.0
1731737700,0.02540659340655793,0.0
1731738600,0.02132142857146845,0.0
1731739500,0.021964285714318507,0.0
1731740400,0.003799999999955603,0.0
1731741300,0.005200000000002083,0.0
1731742200,0.010470588235307323,0.0
1731743100,0.011329411764734223,0.0
1731744000,0.006565853658514693,0.0
1731744900,0.00731707317072505,0.0
1731745800,0.00731707317072505,0.0
1731746700,0.011000000000024096,0.0
1731747600,0.0059999999999717935,0.0
1731748500,0.005625000000009084,0.0
1731749400,0.011682692307715561,0.0
1731750300,0.01054945054943345,0.0
1731751200,0.006285714285695565,0.0
1731752100,0.008766233766266392,0.0
1731753000,0.014827751196150976,0.0
1731753900,0.005526315789495566,0.0
1731754800,0.005236842105261965,0.0
1731755700,0.013166666666677408,0.0
1731756600,0.009583333333296177,0.0
1731757500,0.004750000000001353,0.0
1731758400,0.005727272727256145,0.0
1731759300,0.0153838383838547,0.0
1731760200,0.004388888888911405,0.0
1731761100,0.005264705882382247,0.0
1731762000,0.011470588235226821,0.0
1731762900,0.014264705882339957,0.0
1731763800,0.026500000000055465,0.0
1731764700,0.0257777777777619,0.0
1731765600,0.0266666666666424,0.0
1731766500,0.02948412698412993,0.0
1731767400,0.008798701298758245,0.0
1731768300,0.00911483253588585,0.0
1731769200,0.00947368421049077,0.0
1731770100,0.006434210526322196,0.0
1731771000,0.006750000000010897,0.0
1731771900,0.007499999999993161,0.0
1731772800,0.01249999999998861,0.0
1731773700,0.00650000000001681,0.0
1731774600,0.005857142857166761,0.0
1731775500,0.006190476190454314,0.0
1731776400,0.005523809523822356,0.0
1731777300,0.011542857142842413,0.0
1731778200,0.011399999999980532,0.0
1731779100,0.006200000000035285,0.0
1731780000,0.007142857142866876,0.0
1731780900,0.012657142857108276,0.0
1731781800,0.009800000000041099,0.0
1731782700,0.006149999999934139,0.0
1731783600,0.00528571428571921,0.0
1731784500,0.006428571428614294,0.0
1731785400,0.010885714285677743,0.0
1731786300,0.012000000000000448,0.0
1731787200,0.006828571428570727,0.0
1731788100,0.005844155844158643,0.0
1731789000,0.009060606060586436,0.0
1731789900,0.009615384615415204,0.0
1731790800,0.009596736596733971,0.0
1731791700,0.009545454545502688,0.0
1731792600,0.011242424242368522,0.0
1731793500,0.024066666666669782,0.0
1731794400,0.026787500000011722,0.0
1731795300,0.030937499999993165,0.0
1731796200,0.029359848484830295,0.0
1731797100,0.007272727272720644,0.0
1731798000,0.007272727272720644,0.0
1731798900,0.011969696969742908,0.0
1731799800,0.008058823529381679,0.0
1731800700,0.005848153214799351,0.0
1731801600,0.008720930232527718,0.0
1731802500,0.008720930232584561,0.0
1731803400,0.008151162790682046,0.0
1731804300,0.008339999999975568,0.0
1731805200,0.009493333333352876,0.0
1731806100,0.01120000000003073,0.0
1731807000,0.005466666666620756,0.0
1731807900,0.007499999999993161,0.0
1731808800,0.012642857142907353,0.0
1731809700,0.009857142857129015,0.0
1731810600,0.0077999999999747065,0.0
1731811500,0.012000000000000448,0.0
1731812400,0.009700000000009357,0.0
1731813300,0.006249999999965878,0.0
1731814200,0.005821428571493915,0.0
1731815100,0.013178571428568368,0.0
1731816000,0.011583333333305737,0.0
1731816900,0.004857142857133557,0.0
1731817800,0.00568452380952066,0.0
1731818700,0.014982142857206771,0.0
1731819600,0.008342857142793026,0.0
1731820500,0.0048000000000456445,0.0
1731821400,0.006636363636346219,0.0
1731822300,0.012077922077935442,0.0
1731823200,0.01655844155840213,0.0
1731824100,0.02688111888113552,0.0
1731825000,0.03309615384614515,0.0
1731825900,0.026250000000004527,0.0
1731826800,0.020312499999988614,0.0
1731827700,0.008437500000013625,0.0
1731828600,0.009749999999996798,0.0
1731829500,0.0078571428571763,0.0
1731830400,0.005142857142800483,0.0
1731831300,0.009882352941190204,0.0
1731832200,0.013235294117691844,0.0
1731833100,0.005025210083999787,0.0
1731834000,0.0059682539682626,0.0
1731834900,0.007797979797999223,0.0
1731835800,0.007954545454538199,0.0
1731836700,0.0040454545454622305,0.0
1731837600,0.01467676767677516,0.0
1731838500,0.009883040935648053,0.0
1731839400,0.006323308270680161,0.0
1731840300,0.009571428571433655,0.0
1731841200,0.012428571428586091,0.0
1731842100,0.004471428571406468,0.0
1731843000,0.005300000000005405,0.0
1731843900,0.02979999999999448,0.0
1731844800,0.032800000000008815,0.0
1731845700,0.027472727272737522,0.0
1731846600,0.019340175953061582,0.0
1731847500,0.018870967741946736,0.0
1731848400,0.0065786290322478016,0.0
1731849300,0.004687500000017035,0.0
1731850200,0.00924999999998021,0.0
1731851100,0.013599999999996717,0.0
1731852000,0.0049384615384724185,0.0
1731852900,0.005461538461560153,0.0
1731853800,0.015899999999987795,0.0
1731854700,0.00482727272728311,0.0
1731855600,0.00447272727271297,0.0
1731856500,0.006799999999998352,0.0
1731857400,0.016090909090905815,0.0
1731858300,0.00576623376622364,0.0
1731859200,0.0049428571428791115,0.0
1731860100,0.013599999999996719,0.0
1731861000,0.00931428571428227,0.0
1731861900,0.005785714285707382,0.0
1731862800,0.0074999999999931545,0.0
1731863700,0.01540000000002804,0.0
1731864600,0.004599999999982162,0.0
1731865500,0.005428571428581088,0.0
1731866400,0.013571428571424338,0.0
1731867300,0.020133333333319563,0.0
1731868200,0.009866666666681545,0.0
1731869100,0.06064285714282391,0.0
1731870000,0.07550000000003364,0.0
1731870900,0.03935294117644615,0.0
1731871800,0.04214705882355928,0.0
1731872700,0.03393749999997907,0.0
1731873600,0.0315625000000068,0.0
1731874500,0.02642857142853925,0.0
1731875400,0.016607142857196756,0.0
1731876300,0.012364285714284039,0.0
1731877200,0.005599999999958524,0.0
1731878100,0.009166666666715173,0.0
1731879000,0.015201754385941495,0.0
1731879900,0.005131578947327829,0.0
1731880800,0.005131578947384673,0.0
1731881700,0.02236842105264712,0.0
1731882600,0.03114285714286778,0.0
1731883500,0.023523809523851462,0.0
1731884400,0.02404761904756469,0.0
1731885300,0.01985714285711992,0.0
1731886200,0.01642857142860521,0.0
1731887100,0.0042727272727347415,0.0
1731888000,0.004727272727279785,0.0
1731888900,0.011181818181796631,0.0
1731889800,0.012484848484859859,0.0
1731890700,0.005333333333339847,0.0
1731891600,0.009083333333364847,0.0
1731892500,0.010630952380950002,0.0
1731893400,0.01001298701294216,0.0
1731894300,0.00588811188811177,0.0
1731895200,0.00871794871795827,0.0
1731896100,0.01666666666665149,0.0
1731897000,0.0078124999999999965,0.0
1731897900,0.009687499999984082,0.0
1731898800,0.009687500000040926,0.0
1731899700,0.0078124999999999965,0.0
1731900600,0.005142857142800483,0.0
1731901500,0.006857142857199945,0.0
1731902400,0.011833333333299825,0.0
1731903300,0.011309523809529752,0.0
1731904200,0.0059480519480530234,0.0
1731905100,0.006636363636403063,0.0
1731906000,0.012872727272736017,0.0
1731906900,0.00926363636364156,0.0
1731907800,0.004736363636368404,0.0
1731908700,0.005399999999951878,0.0
1731909600,0.016000000000019544,0.0
1731910500,0.015285714285710121,0.0
1731911400,0.023114285714257214,0.0
1731912300,0.02592608695653097,0.0
1731913200,0.025760869565203837,0.0
1731914100,0.02576086956526068,0.0
1731915000,0.009902173913019386,0.0
1731915900,0.009191176470551432,0.0
1731916800,0.014117647058867524,0.0
1731917700,0.005512605041985798,0.0
1731918600,0.006274725274749911,0.0
1731919500,0.011153846153831627,0.0
1731920400,0.011545454545455407,0.0
1731921300,0.007121212121205633,0.0
1731922200,0.008057471264407902,0.0
1731923100,0.008275862068956008,0.0
1731924000,0.012000000000000437,0.0
1731924900,0.004714285714271679,0.0
1731925800,0.005619047619063617,0.0
1731926700,0.01123809523807038,0.0
1731927600,0.01142857142860974,0.0
1731928500,0.005142857142800485,0.0
1731929400,0.015357142857169482,0.0
1731930300,0.009000000000014533,0.0
1731931200,0.04807142857146117,0.0
1731932100,0.047539682539650116,0.0
1731933000,0.026888888888890947,0.0
1731933900,0.027374999999949506,0.0
1731934800,0.03220833333335804,0.0
1731935700,0.02308333333337486,0.0
1731936600,0.013666666666608752,0.0
1731937500,0.017303030303025924,0.0
1731938400,0.02036363636369742,0.0
1731939300,0.02959999999995943,0.0
1731940200,0.028400000000033274,0.0
1731941100,0.03336363636361738,0.0
1731942000,0.012036363636354954,0.0
1731942900,0.013171428571411053,0.0
1731943800,0.020761904761911854,0.0
1731944700,0.01466666666664195,0.0
1731945600,0.16300000000006776,0.0
1731946500,0.09267857142856428,0.0
1731947400,0.09267857142856428,0.0
1731948300,0.09267857142856428,0.0
1731949200,0.0769642857142685,0.0
1731950100,0.03450000000003682,0.0
1731951000,0.024000000000000892,0.0
1731951900,0.02549999999996543,0.0
1731952800,0.034888888888872295,0.0
1731953700,0.029656565656580352,0.0
1731954600,0.02195454545454821,0.0
1731955500,0.005590909090926725,0.0
1731956400,0.01640909090912145,0.0
1731957300,0.007166666666648771,0.0
1731958200,0.019999999999981796,0.0
1731959100,0.03533333333331257,0.0
1731960000,0.031000000000005894,0.0
1731960900,0.02235714285717448,0.0
1731961800,0.029309523809502018,0.0
1731962700,0.028888888888900493,0.0
1731963600,0.019166666666649217,0.0
1731964500,0.033197777777786534,0.0
1731965400,0.03987999999998237,0.0
1731966300,0.04356363636367177,0.0
1731967200,0.04892207792204316,0.0
1731968100,0.0628051948052075,0.0
1731969000,0.03590909090911509,0.0
1731969900,0.008399999999994617,0.0
1731970800,0.008600000000001263,0.0
1731971700,0.015571428571433883,0.0
1731972600,0.005428571428524256,0.0
1731973500,0.005000000000052286,0.0
1731974400,0.00999999999999089,0.0
1731975300,0.01290000000000189,0.0
1731976200,0.005599999999958515,0.0
1731977100,0.005653846153904833,0.0
1731978000,0.010489010988976581,0.0
1731978900,0.012757142857140014,0.0
1731979800,0.006600000000048558,0.0
1731980700,0.005857142857109913,0.0
1731981600,0.014142857142815029,0.0
1731982500,0.010428571428633385,0.0
1731983400,0.005238095238041742,0.0
1731984300,0.007333333333349384,0.0
1731985200,0.01299999999997679,0.0
1731986100,0.009789473684236312,0.0
1731987000,0.0056390977443356765,0.0
1731987900,0.006571428571476178,0.0
1731988800,0.015499999999974522,0.0
1731989700,0.005899999999996899,0.0
1731990600,0.005037500000014446,0.0
1731991500,0.01127678571430123,0.0
1731992400,0.011054945054922872,0.0
1731993300,0.0053736263736254815,0.0
1731994200,0.008285714285705122,0.0
1731995100,0.03157142857145344,0.0
1731996000,0.029999999999972694,0.0
1731996900,0.025000000000034092,0.0
1731997800,0.02042857142856745,0.0
1731998700,0.021142857142820035,0.0
1731999600,0.007261904761946866,0.0
1732000500,0.00536666666664586,0.0
1732001400,0.012276190476200089,0.0
1732002300,0.012614718614713622,0.0
1732003200,0.005051948051971055,0.0
1732004100,0.0056904761904661314,0.0
1732005000,0.014999999999986342,0.0
1732005900,0.007916666666687873,0.0
1732006800,0.005392857142794565,0.0
1732007700,0.00685714285719995,0.0
1732008600,0.014333333333297539,0.0
1732009500,0.005866666666690873,0.0
1732010400,0.005799999999965153,0.0
1732011300,0.006250000000022722,0.0
1732012200,0.015916666666669226,0.0
1732013100,0.004583333333300725,0.0
1732014000,0.003986842105291537,0.0
1732014900,0.008684210526268986,0.0
1732015800,0.00868421052632583,0.0
1732016700,0.00868421052632583,0.0
1732017600,0.006924812030092643,0.0
1732018500,0.01588571428573003,0.0
1732019400,0.006399999999985071,0.0
1732020300,0.005333333333339837,0.0
1732021200,0.011500000000012268,0.0
1732022100,0.03891666666663694,0.0
1732023000,0.02325000000001863,0.0
1732023900,0.028000000000019995,0.0
1732024800,0.026000000000010445,0.0
1732025700,0.013399999999990076,0.0
1732026600,0.004933333333326555,0.0
1732027500,0.00441666666665695,0.0
1732028400,0.01425000000000408,0.0
1732029300,0.01574999999996861,0.0
1732030200,0.013050000000021083,0.0
1732031100,0.03530000000000654,0.0
1732032000,0.07990000000000917,0.0
1732032900,0.025000000000034096,0.0
1732033800,0.020999999999958142,0.0
1732034700,0.012000000000000432,0.0
1732035600,0.007199999999954787,0.0
1732036500,0.006355555555614948,0.0
1732037400,0.012898989898928896,0.0
1732038300,0.011124401913889411,0.0
1732039200,0.009473684210547614,0.0
1732040100,0.01167464114831773,0.0
1732041000,0.02063636363641308,0.0
1732041900,0.01549350649349888,0.0
1732042800,0.011142857142829128,0.0
1732043700,0.019200000000012086,0.0
1732044600,0.03179999999997562,0.0
1732045500,0.0269999999999868,0.0
1732046400,0.026571428571457986,0.0
1732047300,0.027571428571434343,0.0
1732048200,0.03452380952381871,0.0
1732049100,0.049179487179515036,0.0
1732050000,0.052903846153810705,0.0
1732050900,0.06304999999997563,0.0
1732051800,0.0391999999999939,0.0
1732052700,0.039166666666687874,0.0
1732053600,0.032261904761867286,0.0
1732054500,0.027571428571434336,0.0
1732055400,0.023000000000024542,0.0
1732056300,0.01857142857141978,0.0
1732057200,0.007428571428590645,0.0
1732058100,0.005142857142857328,0.0
1732059000,0.009057142857159299,0.0
1732059900,0.015466666666668497,0.0
1732060800,0.005733333333353121,0.0
1732061700,0.005599999999958522,0.0
1732062600,0.012142857142862321,0.0
1732063500,0.011457142857125287,0.0
1732064400,0.00515000000001463,0.0
1732065300,0.006250000000022728,0.0
1732066200,0.015428571428571998,0.0
1732067100,0.006321428571425245,0.0
1732068000,0.005625000000009082,0.0
1732068900,0.00562499999995224,0.0
1732069800,0.016400000000032822,0.0
1732070700,0.004766666666625943,0.0
1732071600,0.005208333333314377,0.0
1732072500,0.009958333333372583,0.0
1732073400,0.012166666666701064,0.0
1732074300,0.0044999999999504195,0.0
1732075200,0.006857142857143112,0.0
1732076100,0.014892857142854144,0.0
1732077000,0.01415909090911781,0.0
1732077900,0.024590909090932183,0.0
1732078800,0.02625000000000453,0.0
1732079700,0.03853571428572876,0.0
1732080600,0.016623376623329016,0.0
1732081500,0.008757575757556408,0.0
1732082400,0.012190476190482956,0.0
1732083300,0.01247619047620673,0.0
1732084200,0.005066666666664327,0.0
1732085100,0.0052666666666709595,0.0
1732086000,0.014666666666641943,0.0
1732086900,0.009000000000014543,0.0
1732087800,0.004999999999995445,0.0
1732088700,0.005499999999983621,0.0
1732089600,0.01409523809525126,0.0
1732090500,0.008671428571403792,0.0
1732091400,0.005733333333353121,0.0
1732092300,0.011166666666667867,0.0
1732093200,0.018500000000017267,0.0
1732094100,0.005714285714248025,0.0
1732095000,0.006285714285752409,0.0
1732095900,0.013727272727294336,0.0
1732096800,0.008072727272747205,0.0
1732097700,0.00603333333327782,0.0
1732098600,0.012500000000045468,0.0
1732099500,0.07966666666663968,0.0
1732100400,0.15533333333331711,0.0
1732101300,0.01257575757574613,0.0
1732102200,0.009424242424245215,0.0
1732103100,0.005393939393968579,0.0
1732104000,0.013272727272692453,0.0
1732104900,0.03160000000002582,0.0
1732105800,0.025114285714266757,0.0
1732106700,0.02161904761908316,0.0
1732107600,0.04091666666664649,0.0
1732108500,0.005749999999977706,0.0
1732109400,0.006800000000055198,0.0
1732110300,0.015771428571440527,0.0
1732111200,0.00706493506487503,0.0
1732112100,0.0053636363636542115,0.0
1732113000,0.009999999999990893,0.0
1732113900,0.014499999999998162,0.0
1732114800,0.010125000000016367,0.0
1732115700,0.010781249999979536,0.0
1732116600,0.016793749999976623,0.0
1732117500,0.017300000000034274,0.0
1732118400,0.01292857142857427,0.0
1732119300,0.14834920634922355,0.0
1732120200,0.16979365079362196,0.0
1732121100,0.03192857142857973,0.0
1732122000,0.023099999999999444,0.0
1732122900,0.023149999999986893,0.0
1732123800,0.010678571428570637,0.0
1732124700,0.01471428571431941,0.0
1732125600,0.023129870129821473,0.0
1732126500,0.01600000000007638,0.0
1732127400,0.012227272727216111,0.0
1732128300,0.009666666666703343,0.0
1732129200,0.059833333333301646,0.0
1732130100,0.03239999999999553,0.0
1732131000,0.0308857142857164,0.0
1732131900,0.03942857142857291,0.0
1732132800,0.04357142857139705,0.0
1732133700,0.044243697479032555,0.0
1732134600,0.06447058823528094,0.0
1732135500,0.043000000000006346,0.0
1732136400,0.0262727272727261,0.0
1732137300,0.022227272727263863,0.0
1732138200,0.011357142857150384,0.0
1732139100,0.005542857142870608,0.0
1732140000,0.005600000000015365,0.0
1732140900,0.01583333333331892,0.0
1732141800,0.008666666666670141,0.0
1732142700,0.005357142857178576,0.0
1732143600,0.0063928571427709245,0.0
1732144500,0.017083333333403044,0.0
1732145400,0.005333333333282995,0.0
1732146300,0.005619047619063607,0.0
1732147200,0.007514285714307773,0.0
1732148100,0.0149499999999989,0.0
1732149000,0.00615909090907961,0.0
1732149900,0.0038409090909112733,0.0
1732150800,0.013107142857165842,0.0
1732151700,0.011142857142829135,0.0
1732152600,0.00414285714282413,0.0
1732153500,0.005493506493507984,0.0
1732154400,0.013238636363666935,0.0
1732155300,0.009124999999983164,0.0
1732156200,0.004687499999988614,0.0
1732157100,0.005062500000008173,0.0
1732158000,0.01800000000002909,0.0
1732158900,0.0061071428571040035,0.0
1732159800,0.00714285714286687,0.0
1732160700,0.008000000000038185,0.0
1732161600,0.020375000000001357,0.0
1732162500,0.00519642857142343,0.0
1732163400,0.0041558441558322435,0.0
1732164300,0.01377272727273748,0.0
1732165200,0.00874999999996361,0.0
1732166100,0.0044166666666569515,0.0
1732167000,0.006333333333373035,0.0
1732167900,0.01321428571429805,0.0
1732168800,0.007170329670316265,0.0
1732169700,0.004615384615362916,0.0
1732170600,0.009363636363673307,0.0
1732171500,0.011836363636348312,0.0
1732172400,0.00546666666662076,0.0
1732173300,0.004333333333363485,0.0
1732174200,0.011461538461560387,0.0
1732175100,0.011538461538464152,0.0
1732176000,0.00471428571427167,0.0
1732176900,0.004999999999995443,0.0
1732177800,0.009999999999990888,0.0
1732178700,0.012000000000057283,0.0
1732179600,0.0049999999999954395,0.0
1732180500,0.004500000000007268,0.0
1732181400,0.014899999999954604,0.0
1732182300,0.009236363636375682,0.0
1732183200,0.015935064935092655,0.0
1732184100,0.03182857142854798,0.0
1732185000,0.031171428571440174,0.0
1732185900,0.022928571428565185,0.0
1732186800,0.027699999999981614,0.0
1732187700,0.02180000000004155,0.0
1732188600,0.00999999999999089,0.0
1732189500,0.0218888888888955,0.0
1732190400,0.024911111111066468,0.0
1732191300,0.03780000000000427,0.0
1732192200,0.024400000000014174,0.0
1732193100,0.012428571428586095,0.0
1732194000,0.009171428571448804,0.0
1732194900,0.01739999999995233,0.0
1732195800,0.011800000000050647,0.0
1732196700,0.012199999999950238,0.0
1732197600,0.02199999999999134,0.0
1732198500,0.008333333333382579,0.0
1732199400,0.005333333333339833,0.0
1732200300,0.01133333333331165,0.0
1732201200,0.02199999999999135,0.0
1732202100,0.00500000000005229,0.0
1732203000,0.005499999999983618,0.0
1732203900,0.012499999999988609,0.0
1732204800,0.009666666666646494,0.0
1732205700,0.005333333333339837,0.0
1732206600,0.006500000000016814,0.0
1732207500,0.015833333333318916,0.0
1732208400,0.006666666666660595,0.0
1732209300,0.005749999999977702,0.0
1732210200,0.008249999999975428,0.0
1732211100,0.01460000000008675,0.0
1732212000,0.009899999999959145,0.0
1732212900,0.012999999999976787,0.0
1732213800,0.016500000000007713,0.0
1732214700,0.02100000000001499,0.0
1732215600,0.01350000000002181,0.0
1732216500,0.01335714285710308,0.0
1732217400,0.04614285714285414,0.0
1732218300,0.035000000000025,0.0
1732219200,0.043999999999982706,0.0
1732220100,0.045500000000004086,0.0
1732221000,0.036900000000002806,0.0
1732221900,0.021400000000028275,0.0
1732222800,0.02269999999998616,0.0
1732223700,0.022166666666635124,0.0
1732224600,0.036733333333359035,0.0
1732225500,0.034599999999954875,0.0
1732226400,0.06600000000003091,0.0
1732227300,0.0380000000000109,0.0
1732228200,0.03224999999997634,0.0
1732229100,0.007750000000044097,0.0
1732230000,0.006199999999978435,0.0
1732230900,0.013399999999990074,0.0
1732231800,0.009971428571418512,0.0
1732232700,0.004428571428604746,0.0
1732233600,0.004999999999995441,0.0
1732234500,0.014499999999941319,0.0
1732235400,0.008166666666738811,0.0
1732236300,0.005333333333282998,0.0
1732237200,0.004500000000007266,0.0
1732238100,0.014499999999998164,0.0
1732239000,0.008333333333382582,0.0
1732239900,0.00416666666666287,0.0
1732240800,0.005499999999983617,0.0
1732241700,0.01799999999997224,0.0
1732242600,0.0060000000000286395,0.0
1732243500,0.005999999999971796,0.0
1732244400,0.004999999999995439,0.0
1732245300,0.026333333333354844,0.0
1732246200,0.023666666666656497,0.0
1732247100,0.02500000000003409,0.0
1732248000,0.0299999999999727,0.0
1732248900,0.03000000000002954,0.0
1732249800,0.005999999999971792,0.0
1732250700,0.0060000000000286395,0.0
1732251600,0.008999999999957696,0.0
1732252500,0.01500000000004318,0.0
1732253400,0.005333333333282995,0.0
1732254300,0.00533333333333984,0.0
1732255200,0.011333333333368481,0.0
1732256100,0.012000000000000443,0.0
1732257000,0.005999999999971798,0.0
1732257900,0.004999999999995445,0.0
1732258800,0.012000000000000443,0.0
1732259700,0.012000000000000437,0.0
1732260600,0.00400000000001909,0.0
1732261500,0.005666666666627398,0.0
1732262400,0.014000000000066829,0.0
1732263300,0.008833333333313922,0.0
1732264200,0.05216666666666468,0.0
1732265100,0.029083333333289812,0.0
1732266000,0.01625000000001362,0.0
1732266900,0.00700000000000499,0.0
1732267800,0.00433333333336349,0.0
1732268700,0.00666666666666059,0.0
1732269600,0.01599999999996269,0.0
1732270500,0.005000000000052288,0.0
1732271400,0.004999999999995441,0.0
1732272300,0.008999999999957693,0.0
1732273200,0.020000000000038633,0.0
1732274100,0.025499999999965422,0.0
1732275000,0.026499999999998615,0.0
1732275900,0.02899999999999634,0.0
1732276800,0.03000000000002954,0.0
1732277700,0.005333333333339838,0.0
1732278600,0.005416666666633305,0.0
1732279500,0.012249999999994527,0.0
1732280400,0.012249999999994526,0.0
1732281300,0.005250000000046371,0.0
1732282200,0.00516666666663922,0.0
1732283100,0.014333333333354382,0.0
1732284000,0.009500000000002716,0.0
1732284900,0.005166666666639222,0.0
1732285800,0.005333333333339843,0.0
1732286700,0.01550000000003136,0.0
1732287600,0.008499999999969515,0.0
1732288500,0.0049999999999954395,0.0
1732289400,0.0049999999999954395,0.0
1732290300,0.016500000000064553,0.0
1732291200,0.00624999999996588,0.0
1732292100,0.004250000000013176,0.0
1732293000,0.007999999999981338,0.0
1732293900,0.014999999999986335,0.0
1732294800,0.004250000000013173,0.0
1732295700,0.004949999999951147,0.0
1732296600,0.009800000000041099,0.0
1732297500,0.012000000000000444,0.0
1732298400,0.005200000000002083,0.0
1732299300,0.005466666666677606,0.0
1732300200,0.012333333333344845,0.0
1732301100,0.010999999999967243,0.0
1732302000,0.022249999999985434,0.0
1732302900,0.02375000000006365,0.0
1732303800,0.03199999999998225,0.0
1732304700,0.0299999999999727,0.0
1732305600,0.014799999999979701,0.0
1732306500,0.007000000000004985,0.0
1732307400,0.013755555555576376,0.0
1732308300,0.009111111111110392,0.0
1732309200,0.005999999999971796,0.0
1732310100,0.005833333333328019,0.0
1732311000,0.01575000000002545,0.0
1732311900,0.008150000000000532,0.0
1732312800,0.0052666666666709655,0.0
1732313700,0.00516666666669606,0.0
1732314600,0.016566666666676593,0.0
1732315500,0.007999999999981345,0.0
1732316400,0.005099999999970338,0.0
1732317300,0.005249999999989525,0.0
1732318200,0.01625000000001362,0.0
1732319100,0.006333333333373031,0.0
1732320000,0.004999999999995435,0.0
1732320900,0.008121212121181987,0.0
1732321800,0.014045454545453135,0.0
1732322700,0.005642857142902348,0.0
1732323600,0.00452380952373231,0.0
1732324500,0.010333333333392128,0.0
1732325400,0.012999999999976787,0.0
1732326300,0.005499999999983617,0.0
1732327200,0.0052499999999895235,0.0
1732328100,0.010250000000041821,0.0
1732329000,0.013333333333321186,0.0
1732329900,0.005466666666677606,0.0
1732330800,0.004628571428554538,0.0
1732331700,0.02357142857141524,0.0
1732332600,0.031749999999988156,0.0
1732333500,0.02725000000003774,0.0
1732334400,0.02466666666663285,0.0
1732335300,0.02170833333332211,0.0
1732336200,0.01229166666672653,0.0
1732337100,0.00533333333333984,0.0
1732338000,0.005999999999971792,0.0
1732338900,0.013000000000033636,0.0
1732339800,0.010666666666622842,0.0
1732340700,0.005333333333339838,0.0
1732341600,0.0057500000000345495,0.0
1732342500,0.014249999999947234,0.0
1732343400,0.01049999999997906,0.0
1732344300,0.006100000000003537,0.0
1732345200,0.005200000000058921,0.0
1732346100,0.013533333333270996,0.0
1732347000,0.008939393939442642,0.0
1732347900,0.005327272727242866,0.0
1732348800,0.004400000000032372,0.0
1732349700,0.015666666666675138,0.0
1732350600,0.007047619047568775,0.0
1732351500,0.004362637362646625,0.0
1732352400,0.0059230769230680285,0.0
1732353300,0.01519999999999299,0.0
1732354200,0.007133333333399591,0.0
1732355100,0.0051666666666392224,0.0
1732356000,0.007499999999993167,0.0
1732356900,0.014999999999986337,0.0
1732357800,0.0060000000000286335,0.0
1732358700,0.005666666666627392,0.0
1732359600,0.008090909090924464,0.0
1732360500,0.014090909090953114,0.0
1732361400,0.015151515151501366,0.0
1732362300,0.025058823529377598,0.0
1732363200,0.03044117647061738,0.0
1732364100,0.03416666666663557,0.0
1732365000,0.019666666666694244,0.0
1732365900,0.00566666666668424,0.0
1732366800,0.011555555555560192,0.0
1732367700,0.01194444444445251,0.0
1732368600,0.0058333333332711715,0.0
1732369500,0.005809523809546127,0.0
1732370400,0.012857142857171749,0.0
1732371300,0.010571428571438434,0.0
1732372200,0.005714285714248025,0.0
1732373100,0.0051142857142849555,0.0
1732374000,0.01359999999999671,0.0
1732374900,0.01049999999997907,0.0
1732375800,0.0052500000000463695,0.0
1732376700,0.005749999999977702,0.0
1732377600,0.014499999999998165,0.0
1732378500,0.008199999999987984,0.0
1732379400,0.005200000000002087,0.0
1732380300,0.0046000000000390095,0.0
1732381200,0.015916666666669233,0.0
1732382100,0.007083333333298455,0.0
1732383000,0.0034999999999740746,0.0
1732383900,0.006642857142878695,0.0
1732384800,0.015523809523870094,0.0
1732385700,0.005888888888819102,0.0
1732386600,0.004873015873044996,0.0
1732387500,0.005238095238098585,0.0
1732388400,0.016666666666651495,0.0
1732389300,0.006757575757603706,0.0
1732390200,0.005109090909058966,0.0
1732391100,0.023799999999994263,0.0
1732392000,0.03671428571431078,0.0
1732392900,0.027285714285710583,0.0
1732393800,0.02519999999998389,0.0
1732394700,0.010300000000029275,0.0
1732395600,0.015699999999981156,0.0
1732396500,0.005200000000002081,0.0
1732397400,0.005600000000015361,0.0
1732398300,0.007124999999973612,0.0
1732399200,0.017708333333359843,0.0
1732400100,0.005666666666627394,0.0
1732401000,0.005500000000040463,0.0
1732401900,0.008437499999956782,0.0
1732402800,0.014462500000036007,0.0
1732403700,0.006100000000003537,0.0
1732404600,0.004999999999995441,0.0
1732405500,0.012000000000000432,0.0
1732406400,0.01249999999998861,0.0
1732407300,0.005318181818154236,0.0
1732408200,0.005431818181875756,0.0
1732409100,0.011049999999954692,0.0
1732410000,0.012700000000052102,0.0
1732410900,0.005909090909028683,0.0
1732411800,0.004590909090950378,0.0
1732412700,0.011333333333311638,0.0
1732413600,0.011766666666630942,0.0
1732414500,0.004400000000032368,0.0
1732415400,0.004857142857190399,0.0
1732416300,0.009809523809508383,0.0
1732417200,0.011904761904759188,0.0
1732418100,0.005178571428530164,0.0
1732419000,0.00425000000001317,0.0
1732419900,0.03342857142854427,0.0
1732420800,0.029371428571437257,0.0
1732421700,0.02748571428571721,0.0
1732422600,0.021350649350665645,0.0
1732423500,0.01836363636363102,0.0
1732424400,0.009000000000014533,0.0
1732425300,0.00499999999999544,0.0
1732426200,0.006166666666672412,0.0
1732427100,0.01111904761899039,0.0
1732428000,0.012714285714309865,0.0
1732428900,0.005600000000015361,0.0
1732429800,0.005200000000002087,0.0
1732430700,0.01148571428569765,0.0
1732431600,0.012714285714309864,0.0
1732432500,0.004999999999995439,0.0
1732433400,0.005600000000015367,0.0
1732434300,0.013899999999978254,0.0
1732435200,0.00987500000002227,0.0
1732436100,0.005625000000009084,0.0
1732437000,0.00450000000000726,0.0
1732437900,0.015055555555534275,0.0
1732438800,0.008015873015835942,0.0
1732439700,0.005178571428587003,0.0
1732440600,0.007249999999999072,0.0
1732441500,0.012000000000057293,0.0
1732442400,0.009666666666646485,0.0
1732443300,0.005333333333339843,0.0
1732444200,0.006999999999948143,0.0
1732445100,0.012833333333333013,0.0
1732446000,0.00716666666670561,0.0
1732446900,0.0054000000000087155,0.0
1732447800,0.006100000000003538,0.0
1732448700,0.03422727272726433,0.0
1732449600,0.024415584415578444,0.0
1732450500,0.02598214285711718,0.0
1732451400,0.025875000000041823,0.0
1732452300,0.017999999999972243,0.0
1732453200,0.006666666666660593,0.0
1732454100,0.005619047619063611,0.0
1732455000,0.006428571428557451,0.0
1732455900,0.014285714285733758,0.0
1732456800,0.007000000000004988,0.0
1732457700,0.005200000000002087,0.0
1732458600,0.006799999999941508,0.0
1732459500,0.013285714285700558,0.0
1732460400,0.008114285714327698,0.0
1732461300,0.005600000000015367,0.0
1732462200,0.008437500000013625,0.0
1732463100,0.014107954545465868,0.0
1732464000,0.0059999999999718005,0.0
1732464900,0.004454545454564133,0.0
1732465800,0.010363636363592822,0.0
1732466700,0.013636363636408062,0.0
1732467600,0.004750000000001347,0.0
1732468500,0.005249999999989528,0.0
1732469400,0.009000000000014536,0.0
1732470300,0.023399999999980974,0.0
1732471200,0.011099999999998987,0.0
1732472100,0.014916666666636045,0.0
1732473000,0.030083333333323026,0.0
1732473900,0.22131818181821927,0.0
1732474800,0.15578181818182202,0.0
1732475700,0.14740000000000464,0.0
1732476600,0.12700000000000955,0.0
1732477500,0.05399999999997362,0.0
1732478400,0.038600000000030825,0.0
1732479300,0.05617777777774789,0.0
1732480200,0.04308888888891714,0.0
1732481100,0.02641904761901513,0.0
1732482000,0.026350649350661108,0.0
1732482900,0.027132867132877426,0.0
1732483800,0.03823076923077905,0.0
1732484700,0.01799999999997225,0.0
1732485600,0.026799999999980173,0.0
1732486500,0.018200000000035733,0.0
1732487400,0.0096666666666465,0.0
1732488300,0.005533333333346487,0.0
1732489200,0.006981818181827744,0.0
1732490100,0.013068181818141495,0.0
1732491000,0.009113636363679218,0.0
1732491900,0.005303030303025476,0.0
1732492800,0.005969696969657425,0.0
1732493700,0.014951871657785882,0.0
1732494600,0.009411764705873786,0.0
1732495500,0.004999999999995443,0.0
1732496400,0.010166666666691507,0.0
1732497300,0.012303921568616242,0.0
1732498200,0.00719607843137736,0.0
1732499100,0.0049999999999954395,0.0
1732500000,0.01033333333327844,0.0
1732500900,0.013181818181863014,0.0
1732501800,0.005151515151510457,0.0
1732502700,0.004999999999995445,0.0
1732503600,0.00950000000000272,0.0
1732504500,0.014166666666653773,0.0
1732505400,0.006428571428614288,0.0
1732506300,0.0242380952380472,0.0
1732507200,0.030333333333373944,0.0
1732508100,0.032947368421048395,0.0
1732509000,0.025385964912288724,0.0
1732509900,0.004416666666656953,0.0
1732510800,0.012249999999994522,0.0
1732511700,0.011714285714276676,0.0
1732512600,0.00495238095237481,0.0
1732513500,0.0055333333333464785,0.0
1732514400,0.0151333333333241,0.0
1732515300,0.008523809523865094,0.0
1732516200,0.0041428571428241264,0.0
1732517100,0.006666666666660585,0.0
1732518000,0.017333333333340292,0.0
1732518900,0.004857142857133558,0.0
1732519800,0.005342857142807118,0.0
1732520700,0.006175000000041551,0.0
1732521600,0.01695833333332074,0.0
1732522500,0.004666666666707883,0.0
1732523400,0.005294117647054005,0.0
1732524300,0.009261437908492086,0.0
1732525200,0.012444444444440685,0.0
1732526100,0.004999999999995441,0.0
1732527000,0.004538461538459147,0.0
1732527900,0.014211538461552192,0.0
1732528800,0.008849999999995342,0.0
1732529700,0.005650000000002806,0.0
1732530600,0.005083333333345748,0.0
1732531500,0.014333333333297555,0.0
1732532400,0.009458333333327558,0.0
1732533300,0.01087499999999862,0.0
1732534200,0.02913888888889458,0.0
1732535100,0.03041666666666741,0.0
1732536000,0.030416666666724254,0.0
1732536900,0.03682777777771661,0.0
1732537800,0.006200000000035276,0.0
1732538700,0.018399999999985525,0.0
1732539600,0.006766666666692336,0.0
1732540500,0.008633333333307283,0.0
1732541400,0.013621052631549436,0.0
1732542300,0.00857894736844855,0.0
1732543200,0.005636363636369869,0.0
1732544100,0.012280303030308894,0.0
1732545000,0.010654761904731903,0.0
1732545900,0.004928571428592917,0.0
1732546800,0.013799999999946504,0.0
1732547700,0.10950000000002545,0.0
1732548600,0.04320000000001299,0.0
1732549500,0.029999999999972694,0.0
1732550400,0.05766666666670516,0.0
1732551300,0.025166666666621026,0.0
1732552200,0.03136666666671316,0.0
1732553100,0.02594285714280885,0.0
1732554000,0.007297142857169078,0.0
1732554900,0.007200000000011625,0.0
1732555800,0.015610000000037856,0.0
1732556700,0.015083333333279814,0.0
1732557600,0.014137254901982024,0.0
1732558500,0.018672268907550905,0.0
1732559400,0.023877551020404994,0.0
1732560300,0.023877551020404994,0.0
1732561200,0.02681632653064979,0.0
1732562100,0.04328571428567328,0.0
1732563000,0.03333333333335986,0.0
1732563900,0.035439393939384445,0.0
1732564800,0.027868298368275642,0.0
1732565700,0.027307692307715552,0.0
1732566600,0.027307692307715552,0.0
1732567500,0.031303589743572495,0.0
1732568400,0.03480000000001837,0.0
1732569300,0.033730909090877496,0.0
1732570200,0.05045454545455641,0.0
1732571100,0.04274025974024197,0.0
1732572000,0.029314285714292503,0.0
1732572900,0.02649090909091,0.0
1732573800,0.02445454545454595,0.0
1732574700,0.013454545454578687,0.0
1732575600,0.005249999999989531,0.0
1732576500,0.008295454545418562,0.0
1732577400,0.013168831168798063,0.0
1732578300,0.007142857142923716,0.0
1732579200,0.005042857142825582,0.0
1732580100,0.010100000000022629,0.0
1732581000,0.013363636363635559,0.0
1732581900,0.004090909090905355,0.0
1732582800,0.005116883116841099,0.0
1732583700,0.01242857142858609,0.0
1732584600,0.010400000000061008,0.0
1732585500,0.0041714285713965096,0.0
1732586400,0.007428571428590643,0.0
1732587300,0.01857142857141979,0.0
1732588200,0.024428571428586548,0.0
1732589100,0.02724999999998089,0.0
1732590000,0.027749999999969063,0.0
1732590900,0.0318571428571772,0.0
1732591800,0.006342857142840318,0.0
1732592700,0.004300000000000624,0.0
1732593600,0.012500000000045466,0.0
1732594500,0.01299999999997679,0.0
1732595400,0.005400000000008718,0.0
1732596300,0.005599999999958513,0.0
1732597200,0.01600000000001954,0.0
1732598100,0.007285714285728755,0.0
1732599000,0.00471428571427167,0.0
1732599900,0.0068571428571431005,0.0
1732600800,0.014642857142860049,0.0
1732601700,0.008099999999956241,0.0
1732602600,0.005257142857203685,0.0
1732603500,0.006142857142833676,0.0
1732604400,0.01749999999998408,0.0
1732605300,0.005166666666696065,0.0
1732606200,0.004999999999995441,0.0
1732607100,0.01283333333333302,0.0
1732608000,0.009611111111098561,0.0
1732608900,0.004138888888860473,0.0
1732609800,0.006916666666711523,0.0
1732610700,0.012233333333313105,0.0
1732611600,0.007885714285748684,0.0
1732612500,0.005380952380903627,0.0
1732613400,0.007333333333349393,0.0
1732614300,0.014999999999986347,0.0
1732615200,0.011214285714288497,0.0
1732616100,0.023119047619104535,0.0
1732617000,0.03133333333329345,0.0
1732617900,0.031083333333299365,0.0
1732618800,0.02525000000002819,0.0
1732619700,0.005499999999983609,0.0
1732620600,0.015214285714307604,0.0
1732621500,0.008857142857152656,0.0
1732622400,0.004908571428586575,0.0
1732623300,0.005519999999989966,0.0
1732624200,0.01566666666661829,0.0
1732625100,0.006833333333361205,0.0
1732626000,0.0058333333333280115,0.0
1732626900,0.011166666666667857,0.0
1732627800,0.011250000000018167,0.0
1732628700,0.006392857142884611,0.0
1732629600,0.004285714285686012,0.0
1732630500,0.01432142857146345,0.0
1732631400,0.008249999999975433,0.0
1732632300,0.0046666666666510415,0.0
1732633200,0.007933333333312465,0.0
1732634100,0.020400000000051925,0.0
1732635000,0.013299999999958326,0.0
1732635900,0.03530000000000654,0.0
1732636800,0.07990000000000917,0.0
1732637700,0.025000000000034096,0.0
1732638600,0.020999999999958142,0.0
1732639500,0.012000000000000432,0.0
1732640400,0.007199999999954787,0.0
1732641300,0.006355555555614948,0.0
1732642200,0.012898989898928896,0.0
1732643100,0.011124401913889411,0.0
1732644000,0.009473684210547614,0.0
1732644900,0.01167464114831773,0.0
1732645800,0.024090909090944017,0.0
1732646700,0.021260869565196558,0.0
1732647600,0.015652173913053947,0.0
1732648500,0.010836956521757181,0.0
1732649400,0.021916666666641032,0.0
1732650300,0.03800000000001091,0.0
1732651200,0.028745098039223642,0.0
1732652100,0.02117647058821602,0.0
1732653000,0.03181176470593527,0.0
1732653900,0.02159999999997808,0.0
1732654800,0.02875000000000227,0.0
1732655700,0.058678571428572454,0.0
1732656600,0.04390476190474145,0.0
1732657500,0.02095238095233752,0.0
1732658400,0.03971428571429668,0.0
1732659300,0.022750000000030458,0.0
1732660200,0.006249999999965871,0.0
1732661100,0.005714285714304869,0.0
1732662000,0.015885714285730032,0.0
1732662900,0.005828571428594374,0.0
1732663800,0.006116883116817452,0.0
1732664700,0.01045454545459278,0.0
1732665600,0.011333333333311641,0.0
1732666500,0.004380952380927273,0.0
1732667400,0.006000000000085483,0.0
1732668300,0.01408571428567028,0.0
1732669200,0.00862857142857364,0.0
1732670100,0.014428571428538806,0.0
1732671000,0.024809523809551575,0.0
1732671900,0.03604761904762197,0.0
1732672800,0.02585714285714856,0.0
1732673700,0.020095238095223057,0.0
1732674600,0.00758333333334348,0.0
1732675500,0.0157499999999686,0.0
1732676400,0.0065000000000168135,0.0
1732677300,0.004999999999995433,0.0
1732678200,0.012357142857126736,0.0
1732679100,0.012392857142856416,0.0
1732680000,0.005249999999989521,0.0
1732680900,0.005166666666696058,0.0
1732681800,0.015333333333330746,0.0
1732682700,0.0076666666666937895,0.0
1732683600,0.005333333333339838,0.0
1732684500,0.004999999999995439,0.0
1732685400,0.016571428571410238,0.0
1732686300,0.007428571428590645,0.0
1732687200,0.004499999999950417,0.0
1732688100,0.00650000000001681,0.0
1732689000,0.01625000000001362,0.0
1732689900,0.0054166666666333,0.0
1732690800,0.00433333333336349,0.0
1732691700,0.04950000000002318,0.0
1732692600,0.014499999999941315,0.0
1732693500,0.005500000000040459,0.0
1732694400,0.004699999999957066,0.0
1732695300,0.010133333333385498,0.0
1732696200,0.012066666666669315,0.0
1732697100,0.005599999999958513,0.0
1732698000,0.008571428571428886,0.0
1732698900,0.031285714285729675,0.0
1732699800,0.029142857142858233,0.0
1732700700,0.021000000000014996,0.0
1732701600,0.02966666666668515,0.0
1732702500,0.018133333333310013,0.0
1732703400,0.005866666666690878,0.0
1732704300,0.004933333333269723,0.0
1732705200,0.013000000000033643,0.0
1732706100,0.010199999999997537,0.0
1732707000,0.005000000000052288,0.0
1732707900,0.005771428571392784,0.0
1732708800,0.015678571428566084,0.0
1732709700,0.007249999999999073,0.0
1732710600,0.0054999999999836135,0.0
1732711500,0.006666666666717441,0.0
1732712400,0.016333333333307092,0.0
1732713300,0.0045999999999821704,0.0
1732714200,0.004971428571423066,0.0
1732715100,0.00892857142861202,0.0
1732716000,0.013499999999964978,0.0
1732716900,0.0038000000000124484,0.0
1732717800,0.00619999999997843,0.0
1732718700,0.011000000000024093,0.0
1732719600,0.011333333333311647,0.0
1732720500,0.004333333333363486,0.0
1732721400,0.004999999999995445,0.0
1732722300,0.014047619047630622,0.0
1732723200,0.008785714285693283,0.0
1732724100,0.00416666666666287,0.0
1732725000,0.006333333333316189,0.0
1732725900,0.03385714285718676,0.0
1732726800,0.024142857142805937,0.0
1732727700,0.031000000000005898,0.0
1732728600,0.024571428571448443,0.0
1732729500,0.0214285714285438,0.0
1732730400,0.008142857142900075,0.0
1732731300,0.01185714285713856,0.0
1732732200,0.022666666666623304,0.0
1732733100,0.03224242424244038,0.0
1732734000,0.028937062937075087,0.0
1732734900,0.029487179487205126,0.0
1732735800,0.03599999999994451,0.0
1732736700,0.025939393939438553,0.0
1732737600,0.038643939393921294,0.0
1732738500,0.04883333333333438,0.0
1732739400,0.025649999999984616,0.0
1732740300,0.022292307692339357,0.0
1732741200,0.029907692307688184,0.0
1732742100,0.038399999999967335,0.0
1732743000,0.025363636363692866,0.0
1732743900,0.030636363636347124,0.0
1732744800,0.029999999999972694,0.0
1732745700,0.029999999999972694,0.0
1732746600,0.029625000000009987,0.0
1732747500,0.01670833333332665,0.0
1732748400,0.01320512820518614,0.0
1732749300,0.006604395604369974,0.0
1732750200,0.004746031746037702,0.0
1732751100,0.009825396825419821,0.0
1732752000,0.013857142857091258,0.0
1732752900,0.0050952380952367015,0.0
1732753800,0.012733333333358117,0.0
1732754700,0.03160000000002581,0.0
1732755600,0.031199999999955694,0.0
1732756500,0.027400000000056924,0.0
1732757400,0.018399999999985525,0.0
1732758300,0.01249999999998862,0.0
1732759200,0.012166666666644217,0.0
1732760100,0.006083333333322097,0.0
1732761000,0.0062500000000227235,0.0
1732761900,0.015600000000006265,0.0
1732762800,0.007733333333362662,0.0
1732763700,0.006066666666640667,0.0
1732764600,0.005314285714291595,0.0
1732765500,0.017535714285713756,0.0
1732766400,0.007027777777750525,0.0
1732767300,0.004865079365060847,0.0
1732768200,0.008000000000038192,0.0
1732769100,0.015142857142848236,0.0
1732770000,0.006714285714281226,0.0
1732770900,0.005529411764712219,0.0
1732771800,0.009016042780729082,0.0
1732772700,0.009740259740283343,0.0
1732773600,0.009107142857146734,0.0
1732774500,0.00473214285716493,0.0
1732775400,0.01087499999999863,0.0
1732776300,0.010227272727263426,0.0
1732777200,0.007972727272715472,0.0
1732778100,0.005133333333333207,0.0
1732779000,0.010666666666679682,0.0
1732779900,0.012000000000000436,0.0
1732780800,0.005333333333283002,0.0
1732781700,0.005666666666741086,0.0
1732782600,0.01157142857135794,0.0
1732783500,0.014571428571457538,0.0
1732784400,0.025714285714286675,0.0
1732785300,0.027455357142855505,0.0
1732786200,0.030937499999993165,0.0
1732787100,0.026625000000024088,0.0
1732788000,0.006988636363644208,0.0
1732788900,0.006136363636358045,0.0
1732789800,0.015142857142848238,0.0
1732790700,0.006428571428557451,0.0
1732791600,0.006428571428557451,0.0
1732792500,0.010874999999998627,0.0
1732793400,0.012830882352943713,0.0
1732794300,0.0063417366947078275,0.0
1732795200,0.005352380952388093,0.0
1732796100,0.014766666666673688,0.0
1732797000,0.008261904761866381,0.0
1732797900,0.0045714285714666325,0.0
1732798800,0.010000000000047731,0.0
1732799700,0.01739999999995233,0.0
1732800600,0.011800000000050647,0.0
1732801500,0.012199999999950238,0.0
1732802400,0.02199999999999134,0.0
1732803300,0.008333333333382579,0.0
1732804200,0.005333333333339833,0.0
1732805100,0.009285714285681472,0.0
1732806000,0.023964285714271213,0.0
1732806900,0.06554999999997334,0.0
1732807800,0.03609473684213071,0.0
1732808700,0.02210526315792548,0.0
1732809600,0.014749999999992247,0.0
1732810500,0.005678571428518343,0.0
1732811400,0.022508928571483008,0.0
1732812300,0.03306249999997135,0.0
1732813200,0.029818181818200163,0.0
1732814100,0.025515151515151036,0.0
1732815000,0.010999999999967243,0.0
1732815900,0.016166666666720158,0.0
1732816800,0.007928571428578828,0.0
1732817700,0.006142857142833681,0.0
1732818600,0.009285714285738317,0.0
1732819500,0.01414285714287187,0.0
1732820400,0.005899999999996889,0.0
1732821300,0.00737586206895456,0.0
1732822200,0.008793103448283534,0.0
1732823100,0.010931034482723572,0.0
1732824000,0.005999999999971796,0.0
1732824900,0.004999999999995445,0.0
1732825800,0.023066666666636582,0.0
1732826700,0.021400000000028275,0.0
1732827600,0.02269999999998616,0.0
1732828500,0.022166666666635124,0.0
1732829400,0.036733333333359035,0.0
1732830300,0.034599999999954875,0.0
1732831200,0.06600000000003091,0.0
1732832100,0.0380000000000109,0.0
1732833000,0.03224999999997634,0.0
1732833900,0.007750000000044097,0.0
1732834800,0.006199999999978435,0.0
1732835700,0.013399999999990074,0.0
1732836600,0.009971428571418512,0.0
1732837500,0.004428571428604746,0.0
1732838400,0.004999999999995441,0.0
1732839300,0.014499999999941319,0.0
1732840200,0.013071012207944103,0.0
1732841100,0.011218547982729348,0.0
1732842000,0.011612747172291483,0.0
1732842900,0.014499999999998164,0.0
1732843800,0.015500000000031358,0.0
1732844700,0.0046499999999696055,0.0
1732845600,0.005449999999996165,0.0
1732846500,0.010177777777812475,0.0
1732847400,0.014388888888902314,0.0
1732848300,0.005833333333328006,0.0
1732849200,0.004999999999995437,0.0
1732850100,0.012363636363602366,0.0
1732851000,0.011922077922122288,0.0
1732851900,0.004571428571409788,0.0
1732852800,0.006142857142833675,0.0
1732853700,0.014818181818213805,0.0
1732854600,0.009610389610372732,0.0
1732855500,0.004707792207796027,0.0
1732856400,0.007263636363632014,0.0
1732857300,0.013599999999996714,0.0
1732858200,0.007363636363663755,0.0
1732859100,0.004909090909109173,0.0
1732860000,0.004804195804183559,0.0
1732860900,0.013923076923049383,0.0
1732861800,0.009500000000002716,0.0
1732862700,0.004071428571421603,0.0
1732863600,0.006571428571476178,0.0
1732864500,0.014497142857123871,0.0
1732865400,0.0077999999999746935,0.0
1732866300,0.005867692307674578,0.0
1732867200,0.00744230769231534,0.0
1732868100,0.02611666666666677,0.0
1732869000,0.027561904761910214,0.0
1732869900,0.022042016806722128,0.0
1732870800,0.03724369747902756,0.0
1732871700,0.019285714285672363,0.0
1732872600,0.006545454545459953,0.0
1732873500,0.004689839572222341,0.0
1732874400,0.01282352941171892,0.0
1732875300,0.010941176470566895,0.0
1732876200,0.0056666666667410884,0.0
1732877100,0.004333333333306642,0.0
1732878000,0.014333333333354393,0.0
1732878900,0.009666666666646501,0.0
1732879800,0.004999999999995437,0.0
1732880700,0.006666666666660597,0.0
1732881600,0.012499999999988624,0.0
1732882500,0.008233333333350848,0.0
1732883400,0.005655555555563276,0.0
1732884300,0.009444444444397937,0.0
1732885200,0.01350000000002182,0.0
1732886100,0.006225000000029003,0.0
1732887000,0.007125000000030462,0.0
1732887900,0.007649999999955518,0.0
1732888800,0.012000000000000443,0.0
1732889700,0.0055294117647122065,0.0
1732890600,0.004197860962563012,0.0
1732891500,0.011415584415601634,0.0
1732892400,0.011057142857112,0.0
1732893300,0.005400000000008725,0.0
1732894200,0.004400000000032372,0.0
1732895100,0.017499999999927223,0.0
1732896000,0.028566666666677062,0.0
1732896900,0.021558333333359762,0.0
1732897800,0.026375000000030013,0.0
1732898700,0.03542857142855381,0.0
1732899600,0.012171428571434712,0.0
1732900500,0.0060285714285441775,0.0
1732901400,0.007714285714257583,0.0
1732902300,0.009657142857179217,0.0
1732903200,0.009272727272730198,0.0
1732904100,0.006363636363630571,0.0
1732905000,0.008663636363678498,0.0
1732905900,0.014128571428557264,0.0
1732906800,0.0057936507936346806,0.0
1732907700,0.006349206349227633,0.0
1732908600,0.009928571428588375,0.0
1732909500,0.013499999999964972,0.0
1732910400,0.002999999999985888,0.0
1732911300,0.007142857142866876,0.0
1732912200,0.012549450549443002,0.0
1732913100,0.009432692307711921,0.0
1732914000,0.005074999999976618,0.0
1732914900,0.006436363636396425,0.0
1732915800,0.009863636363604636,0.0
1732916700,0.008437500000013625,0.0
1732917600,0.00734821428574149,0.0
1732918500,0.007714285714257572,0.0
1732919400,0.014000000000009996,0.0
1732920300,0.005249999999989525,0.0
1732921200,0.004549999999994712,0.0
1732922100,0.012699999999995264,0.0
1732923000,0.01100000000002408,0.0
1732923900,0.0063333333333730315,0.0
1732924800,0.004999999999995435,0.0
1732925700,0.008121212121181987,0.0
1732926600,0.014045454545453135,0.0
1732927500,0.005642857142902348,0.0
1732928400,0.00452380952373231,0.0
1732929300,0.010333333333392128,0.0
1732930200,0.012999999999976787,0.0
1732931100,0.005499999999983617,0.0
1732932000,0.006262609598859867,0.0
1732932900,0.010250000000041821,0.0
1732933800,0.013333333333321186,0.0
1732934700,0.005466666666677606,0.0
1732935600,0.007676967806255734,0.0
1732936500,0.02357142857141524,0.0
1732937400,0.031749999999988156,0.0
1732938300,0.02725000000003774,0.0
1732939200,0.02466666666663285,0.0
1732940100,0.02170833333332211,0.0
1732941000,0.01229166666672653,0.0
1732941900,0.00533333333333984,0.0
1732942800,0.005999999999971792,0.0
1732943700,0.013000000000033636,0.0
1732944600,0.010666666666622842,0.0
1732945500,0.005333333333339838,0.0
1732946400,0.0077192909447595,0.0
1732947300,0.014249999999947234,0.0
1732948200,0.01049999999997906,0.0
1732949100,0.006100000000003537,0.0
1732950000,0.005200000000058921,0.0
1732950900,0.013533333333270996,0.0
1732951800,0.008939393939442642,0.0
1732952700,0.005327272727242866,0.0
1732953600,0.004400000000032372,0.0
1732954500,0.015666666666675138,0.0
1732955400,0.007047619047568775,0.0
1732956300,0.004362637362646625,0.0
1732957200,0.0059230769230680285,0.0
1732958100,0.01519999999999299,0.0
1732959000,0.007133333333399591,0.0
1732959900,0.0051666666666392224,0.0
1732960800,0.007499999999993167,0.0
1732961700,0.014999999999986337,0.0
1732962600,0.0060000000000286335,0.0
1732963500,0.005666666666627392,0.0
1732964400,0.008090909090924464,0.0
1732965300,0.014090909090953114,0.0
1732966200,0.015151515151501366,0.0
1732967100,0.025058823529377598,0.0
1732968000,0.03044117647061738,0.0
1732968900,0.03416666666663557,0.0
1732969800,0.019666666666694244,0.0
1732970700,0.00566666666668424,0.0
1732971600,0.011555555555560192,0.0
1732972500,0.01194444444445251,0.0
1732973400,0.0058333333332711715,0.0
1732974300,0.005809523809546127,0.0
1732975200,0.012857142857171749,0.0
1732976100,0.010571428571438434,0.0
1732977000,0.005714285714248025,0.0
1732977900,0.0051142857142849555,0.0
1732978800,0.01359999999999671,0.0
1732979700,0.01049999999997907,0.0
1732980600,0.0052500000000463695,0.0
1732981500,0.005749999999977702,0.0
1732982400,0.014499999999998165,0.0
1732983300,0.008199999999987984,0.0
1732984200,0.005200000000002087,0.0
1732985100,0.0046000000000390095,0.0
1732986000,0.015916666666669233,0.0
1732986900,0.007083333333298455,0.0
1732987800,0.0034999999999740746,0.0
1732988700,0.006642857142878695,0.0
1732989600,0.015523809523870094,0.0
1732990500,0.005888888888819102,0.0
1732991400,0.004873015873044996,0.0
1732992300,0.005238095238098585,0.0
1732993200,0.016666666666651495,0.0
1732994100,0.006757575757603706,0.0
1732995000,0.005109090909058966,0.0
1732995900,0.023799999999994263,0.0
1732996800,0.03671428571431078,0.0
1732997700,0.027285714285710583,0.0
1732998600,0.019000000000005443,0.0
1732999500,0.005400000000008718,0.0
1733000400,0.004599999999982164,0.0
1733001300,0.007384615384637509,0.0
1733002200,0.015015384615367092,0.0
1733003100,0.005350000000021273,0.0
1733004000,0.004367647058813856,0.0
1733004900,0.007805429864276887,0.0
1733005800,0.012440559440562974,0.0
1733006700,0.005636363636369868,0.0
1733007600,0.005428571428581098,0.0
1733008500,0.009571428571405232,0.0
1733009400,0.024999999999977245,0.0
1733010300,0.025000000000034092,0.0
1733011200,0.028692307692267594,0.0
1733012100,0.03115384615387028,0.0
1733013000,0.01965384615380115,0.0
1733013900,0.005785714285764232,0.0
1733014800,0.004914285714278315,0.0
1733015700,0.012799999999970156,0.0
1733016600,0.012000000000000448,0.0
1733017500,0.005714285714304868,0.0
1733018400,0.005952380952351168,0.0
1733019300,0.015000000000043182,0.0
1733020200,0.008333333333325739,0.0
1733021100,0.0054999999999836135,0.0
1733022000,0.005500000000040455,0.0
1733022900,0.01699999999993905,0.0
1733023800,0.006000000000028637,0.0
1733024700,0.006250000000022726,0.0
1733025600,0.00475000000000135,0.0
1733026500,0.018285714285696027,0.0
1733027400,0.004714285714328518,0.0
1733028300,0.005428571428524259,0.0
1733029200,0.00457142857140978,0.0
1733030100,0.019000000000005436,0.0
1733031000,0.005142857142857319,0.0
1733031900,0.00407142857147845,0.0
1733032800,0.00805844155837575,0.0
1733033700,0.011909090909114172,0.0
1733034600,0.0068181818181756,0.0
1733035500,0.005333333333339843,0.0
1733036400,0.009238095238117685,0.0
1733037300,0.014095238095251242,0.0
1733038200,0.005921568627400115,0.0
1733039100,0.022091764705919555,0.0
1733040000,0.028028333333338647,0.0
1733040900,0.025624999999990888,0.0
1733041800,0.03029166666664195,0.0
1733042700,0.015375000000005903,0.0
1733043600,0.012909090909090521,0.0
1733044500,0.010590909090922187,0.0
1733045400,0.00549999999998361,0.0
1733046300,0.005973684210516689,0.0
1733047200,0.009868421052658505,0.0
1733048100,0.009868421052601661,0.0
1733049000,0.007718045112824248,0.0
1733049900,0.009238095238060835,0.0
1733050800,0.013833333333309364,0.0
1733051700,0.006653846153881191,0.0
1733052600,0.005446153846150986,0.0
1733053500,0.006900000000030091,0.0
1733054400,0.01391176470588106,0.0
1733055300,0.006873949579812684,0.0
1733056200,0.004999999999995443,0.0
1733057100,0.0058051948051911365,0.0
1733058000,0.015159090909150998,0.0
1733058900,0.006568181818124675,0.0
1733059800,0.004335664335656007,0.0
1733060700,0.0077032967033119236,0.0
1733061600,0.013601190476208542,0.0
1733062500,0.004374999999981807,0.0
1733063400,0.006446666666704446,0.0
1733064300,0.00757714285708742,0.0
1733065200,0.011142857142829126,0.0
1733066100,0.009428571428600192,0.0
1733067000,0.02312698412697499,0.0
1733067900,0.03464444444449555,0.0
1733068800,0.031149999999968245,0.0
1733069700,0.02174999999999726,0.0
1733070600,0.007471428571420785,0.0
1733071500,0.013678571428556536,0.0
1733072400,0.010592105263185655,0.0
1733073300,0.006157894736872996,0.0
1733074200,0.005249999999989531,0.0
1733075100,0.014549999999985623,0.0
1733076000,0.009144444444473255,0.0
1733076900,0.0070555555555529064,0.0
1733077800,0.013714285714229373,0.0
1733078700,0.020396825396858265,0.0
1733079600,0.009333333333302097,0.0
1733080500,0.006000000000028641,0.0
1733081400,0.00555555555558839,0.0
1733082300,0.01724999999993313,0.0
1733083200,0.0075147058823858805,0.0
1733084100,0.00580672268904435,0.0
1733085000,0.008228571428617198,0.0
1733085900,0.014046153846152246,0.0
1733086800,0.006346153846152438,0.0
1733087700,0.02049519230763507,0.0
1733088600,0.039312499999994074,0.0
1733089500,0.0360000000000582,0.0
1733090400,0.03999999999996361,0.0
1733091300,0.013571428571481177,0.0
1733092200,0.02562857142856955,0.0
1733093100,0.009799999999984255,0.0
1733094000,0.00999999999999089,0.0
1733094900,0.014000000000009987,0.0
1733095800,0.03428571428571557,0.0
1733096700,0.029380952380904535,0.0
