unixtime,load,pv
1719705600,0.005000000000002548,0.0
1719706500,0.009999999999998,0.0
1719707400,0.008000000000002661,0.0
1719708300,0.007666666666665368,0.0
1719709200,0.014333333333333075,0.0
1719710100,0.02199999999999845,0.0
1719711000,0.03733333333333632,0.0
1719711900,0.025166666666663663,0.0
1719712800,0.033500000000003624,0.0
1719713700,0.009999999999998002,0.0
1719714600,0.012000000000000446,0.0
1719715500,0.006999999999997891,0.0
1719716400,0.010000000000005107,0.0
1719717300,0.008499999999997945,0.0
1719718200,0.005499999999997834,0.0
1719719100,0.013000000000005214,0.0
1719720000,0.004999999999995445,0.0
1719720900,0.01425000000000408,0.0
1719721800,0.004749999999994251,0.0
1719722700,0.015000000000000553,0.0
1719723600,0.005000000000002547,0.0
1719724500,0.013333333333335402,0.0
1719725400,0.007666666666665368,0.0
1719726300,0.00900000000000033,0.0
1719727200,0.010666666666665483,0.0
1719728100,0.0063333333333375095,0.0
1719729000,0.01466666666666326,0.0
1719729900,0.004833333333337456,0.0
1719730800,0.013499999999993396,0.0
1719731700,0.005000000000002548,0.0
1719732600,0.012000000000000443,0.0
1719733500,0.006999999999997886,0.0
1719734400,0.009999999999998002,0.0
1719735300,0.008250000000003855,0.0
1719736200,0.005749999999999024,0.0
1719737100,0.02300000000000323,0.0
1719738000,0.024333333333331084,0.0
1719738900,0.03666666666666884,0.0
1719739800,0.024000000000000892,0.0
1719740700,0.030333333333331318,0.0
1719741600,0.004333333333335068,0.0
1719742500,0.012000000000000443,0.0
1719743400,0.007333333333328072,0.0
1719744300,0.009999999999997998,0.0
1719745200,0.010250000000006301,0.0
1719746100,0.007749999999994359,0.0
1719747000,0.014000000000002889,0.0
1719747900,0.004500000000000161,0.0
1719748800,0.015499999999995838,0.0
1719749700,0.005333333333332738,0.0
1719750600,0.013333333333335402,0.0
1719751500,0.006333333333337511,0.0
1719752400,0.011499999999998057,0.0
1719753300,0.008499999999997943,0.0
1719754200,0.008375000000000903,0.0
1719755100,0.012125000000004596,0.0
1719756000,0.005499999999997825,0.0
1719756900,0.015333333333330746,0.0
1719757800,0.004666666666665253,0.0
1719758700,0.014400000000001951,0.0
1719759600,0.003399999999999172,0.0
1719760500,0.013700000000007135,0.0
1719761400,0.0062142857142788365,0.0
1719762300,0.01128571428571233,0.0
1719763200,0.0073333333333351815,0.0
1719764100,0.008666666666670136,0.0
1719765000,0.010399999999997068,0.0
1719765900,0.02060000000000172,0.0
1719766800,0.034499999999994195,0.0
1719767700,0.024625000000007436,0.0
1719768600,0.03387499999999476,0.0
1719769500,0.016111111111115392,0.0
1719770400,0.01583333333333313,0.0
1719771300,0.015388888888885777,0.0
1719772200,0.016166666666663318,0.0
1719773100,0.029500000000005844,0.0
1719774000,0.02824999999999276,0.0
1719774900,0.029659090909092342,0.0
1719775800,0.02569090909091186,0.0
1719776700,0.039900000000002926,0.0
1719777600,0.025900000000000024,0.0
1719778500,0.023016666666663348,0.0
1719779400,0.025583333333337052,0.0
1719780300,0.028444444444438926,0.0
1719781200,0.026222222222223462,0.0
1719782100,0.022487179487185916,0.0
1719783000,0.026482517482513384,0.0
1719783900,0.013636363636365436,0.0
1719784800,0.014060606060603205,0.0
1719785700,0.009095238095241579,0.0
1719786600,0.009071428571431263,0.0
1719787500,0.010499999999993287,0.0
1719788400,0.00825000000000386,0.0
1719789300,0.010057692307690038,0.0
1719790200,0.005192307692304602,0.0
1719791100,0.00900000000000033,0.0
1719792000,0.01089999999999945,0.0
1719792900,0.00736470588235959,0.0
1719793800,0.02823529411764268,0.0
1719794700,0.02371428571428423,0.0
1719795600,0.03182417582418394,0.0
1719796500,0.02769230769229834,0.0
1719797400,0.01943589743589767,0.0
1719798300,0.010833333333337684,0.0
1719799200,0.00563333333333559,0.0
1719800100,0.01246666666666129,0.0
1719801000,0.008672727272731605,0.0
1719801900,0.007727272727272792,0.0
1719802800,0.012499999999995721,0.0
1719803700,0.0051666666666676415,0.0
1719804600,0.012083333333336537,0.0
1719805500,0.009624999999999754,0.0
1719806400,0.007767857142852094,0.0
1719807300,0.012000000000000444,0.0
1719808200,0.006107142857139514,0.0
1719809100,0.00955645161290873,0.0
1719810000,0.010161290322578493,0.0
1719810900,0.005032258064517226,0.0
1719811800,0.020166666666668207,0.0
1719812700,0.02533333333333586,0.0
1719813600,0.03499999999999658,0.0
1719814500,0.026000000000003343,0.0
1719815400,0.015000000000000553,0.0
1719816300,0.0060769230769253,0.0
1719817200,0.011461538461539068,0.0
1719818100,0.007905982905981532,0.0
1719819000,0.010888888888885607,0.0
1719819900,0.006666666666667695,0.0
1719820800,0.00800000000000266,0.0
1719821700,0.016800000000003472,0.0
1719822600,0.0218666666666607,0.0
1719823500,0.03200000000000357,0.0
1719824400,0.03399999999999181,0.0
1719825300,0.023333333333333418,0.0
1719826200,0.018000000000007777,0.0
1719827100,0.005333333333332733,0.0
1719828000,0.00433333333333506,0.0
1719828900,0.01466666666666326,0.0
1719829800,0.004166666666669971,0.0
1719830700,0.012884615384614039,0.0
1719831600,0.00701538461537864,0.0
1719832500,0.005200000000002078,0.0
1719833400,0.014899999999997238,0.0
1719834300,0.00930000000000319,0.0
1719835200,0.00942857142857178,0.0
1719836100,0.006680519480518388,0.0
1719837000,0.00477272727273002,0.0
1719837900,0.01509595959596054,0.0
1719838800,0.006529914529913572,0.0
1719839700,0.007692307692309425,0.0
1719840600,0.012799999999998575,0.0
1719841500,0.00491428571427831,0.0
1719842400,0.012785714285719492,0.0
1719843300,0.0076111111111103365,0.0
1719844200,0.004888888888892485,0.0
1719845100,0.013999999999995781,0.0
1719846000,0.0043333333333350635,0.0
1719846900,0.01246666666666839,0.0
1719847800,0.007199999999997421,0.0
1719848700,0.01420000000000242,0.0
1719849600,0.03379999999999937,0.0
1719850500,0.035400000000002756,0.0
1719851400,0.05099999999999483,0.0
1719852300,0.04305000000000092,0.0
1719853200,0.031124999999995847,0.0
1719854100,0.03112500000000295,0.0
1719855000,0.02724444444444884,0.0
1719855900,0.03174786324785827,0.0
1719856800,0.03213626373626965,0.0
1719857700,0.02957142857142258,0.0
1719858600,0.03010000000000445,0.0
1719859500,0.025957142857137672,0.0
1719860400,0.03171428571428691,0.0
1719861300,0.03171428571428691,0.0
1719862200,0.037114285714288535,0.0
1719863100,0.037333333333329215,0.0
1719864000,0.027291666666670253,0.0
1719864900,0.03315277777777935,0.0
1719865800,0.027333333333331204,0.0
1719866700,0.022888888888886065,0.0
1719867600,0.033000000000001244,0.0
1719868500,0.024000000000000903,0.0
1719869400,0.024500000000003283,0.0
1719870300,0.0231153846153802,0.0
1719871200,0.02365384615384868,0.0
1719872100,0.033397435897434484,0.0
1719873000,0.016999999999995897,0.0
1719873900,0.006333333333337505,0.0
1719874800,0.013200000000004744,0.0
1719875700,0.005674999999996533,0.0
1719876600,0.02812499999999572,0.0
1719877500,0.029500000000005844,0.0
1719878400,0.02549999999999385,0.0
1719879300,0.03411111111111608,0.0
1719880200,0.012488888888888976,0.0
1719881100,0.00819999999999509,0.0
1719882000,0.010982608695655916,0.0
1719882900,0.006788819875772832,0.0
1719883800,0.008528571428570312,0.0
1719884700,0.01012500000000214,0.0
1719885600,0.009886111111114796,0.0
1719886500,0.008888888888883164,0.0
1719887400,0.011200000000002309,0.0
1719888300,0.005299999999998295,0.0
1719889200,0.014000000000002887,0.0
1719890100,0.004999999999995437,0.0
1719891000,0.004500000000007266,0.0
1719891900,0.01628571428571489,0.0
1719892800,0.005314285714284482,0.0
1719893700,0.012650000000000704,0.0
1719894600,0.007950000000000996,0.0
1719895500,0.005399999999994506,0.0
1719896400,0.014150000000007868,0.0
1719897300,0.005132352941167525,0.0
1719898200,0.0052287581699417135,0.0
1719899100,0.014688888888883863,0.0
1719900000,0.0081999999999951,0.0
1719900900,0.008076923076927756,0.0
1719901800,0.0069230769230799166,0.0
1719902700,0.006666666666667697,0.0
1719903600,0.011888888888883276,0.0
1719904500,0.028044444444446974,0.0
1719905400,0.026899999999997686,0.0
1719906300,0.040500000000001535,0.0
1719907200,0.01874999999999714,0.0
1719908100,0.009374999999998556,0.0
1719909000,0.009375000000005662,0.0
1719909900,0.009374999999998556,0.0
1719910800,0.009610714285713563,0.0
1719911700,0.007285714285714556,0.0
1719912600,0.007285714285714556,0.0
1719913500,0.014413445378153245,0.0
1719914400,0.00617647058823677,0.0
1719915300,0.006643263757112538,0.0
1719916200,0.009677419354837005,0.0
1719917100,0.009365591397845199,0.0
1719918000,0.014066666666671768,0.0
1719918900,0.007266666666673408,0.0
1719919800,0.005333333333325627,0.0
1719920700,0.015500000000002945,0.0
1719921600,0.004500000000000161,0.0
1719922500,0.008499999999997943,0.0
1719923400,0.010071428571428941,0.0
1719924300,0.009467032967030766,0.0
1719925200,0.010961538461543791,0.0
1719926100,0.0043333333333279616,0.0
1719927000,0.0034444444444474633,0.0
1719927900,0.015888888888888168,0.0
1719928800,0.004476190476189845,0.0
1719929700,0.010857142857140891,0.0
1719930600,0.022647058823530117,0.0
1719931500,0.02835294117647179,0.0
1719932400,0.030000000000001126,0.0
1719933300,0.028428571428570127,0.0
1719934200,0.02064835164834732,0.0
1719935100,0.013423076923082523,0.0
1719936000,0.006722222222222725,0.0
1719936900,0.013277777777773263,0.0
1719937800,0.008900000000004118,0.0
1719938700,0.00759999999999648,0.0
1719939600,0.010000000000005095,0.0
1719940500,0.009157894736844679,0.0
1719941400,0.010175438596490933,0.0
1719942300,0.00899999999999322,0.0
1719943200,0.005666666666670026,0.0
1719944100,0.017749999999999475,0.0
1719945000,0.011124999999999812,0.0
1719945900,0.009750000000003907,0.0
1719946800,0.011004629629624663,0.0
1719947700,0.006111111111110287,0.0
1719948600,0.009023965141615515,0.0
1719949500,0.011602641056420272,0.0
1719950400,0.010102040816327916,0.0
1719951300,0.010102040816327916,0.0
1719952200,0.009761904761901962,0.0
1719953100,0.013066666666666997,0.0
1719954000,0.007100000000001202,0.0
1719954900,0.005166666666667643,0.0
1719955800,0.014333333333325973,0.0
1719956700,0.0037142857142882114,0.0
1719957600,0.008285714285719325,0.0
1719958500,0.012666666666660815,0.0
1719959400,0.022333333333335745,0.0
1719960300,0.03400000000000602,0.0
1719961200,0.02719999999999344,0.0
1719962100,0.025800000000003813,0.0
1719963000,0.017437499999999766,0.0
1719963900,0.006093749999997999,0.0
1719964800,0.0069161830384607695,0.0
1719965700,0.015000000000000556,0.0
1719966600,0.007504482891026037,0.0
1719967500,0.010114099705132345,0.0
1719968400,0.012999999999998109,0.0
1719969300,0.0073831894504258495,0.0
1719970200,0.01650000000000061,0.0
1719971100,0.005769230769232065,0.0
1719972000,0.011849816849817776,0.0
1719972900,0.007857142857133672,0.0
1719973800,0.005023809523805755,0.0
1719974700,0.014500000000005276,0.0
1719975600,0.007431303823756465,0.0
1719976500,0.009578259559390838,0.0
1719977400,0.009315789473681934,0.0
1719978300,0.00473684210526669,0.0
1719979200,0.016347368421044436,0.0
1719980100,0.0054750000000041,0.0
1719981000,0.007298913043477723,0.0
1719981900,0.010434782608697884,0.0
1719982800,0.010434782608690778,0.0
1719983700,0.009956521739134406,0.0
1719984600,0.006749999999996694,0.0
1719985500,0.0073500000000024015,0.0
1719986400,0.011344444444446813,0.0
1719987300,0.004555555555555196,0.0
1719988200,0.01666666666666571,0.0
1719989100,0.02745833333333535,0.0
1719990000,0.03012499999999106,0.0
1719990900,0.03341666666667464,0.0
1719991800,0.024333333333331087,0.0
1719992700,0.00828571428571222,0.0
1719993600,0.01016883116883348,0.0
1719994500,0.0039454545454518,0.0
1719995400,0.013350000000002622,0.0
1719996300,0.006450000000000937,0.0
1719997200,0.004999999999995443,0.0
1719998100,0.011800000000000905,0.0
1719999000,0.006714285714288325,0.0
1719999900,0.01128571428571233,0.0
1720000800,0.010000000000005109,0.0
1720001700,0.005333333333332733,0.0
1720002600,0.006523809523812924,0.0
1720003500,0.008571428571421775,0.0
1720004400,0.008571428571428884,0.0
1720005300,0.01500000000000055,0.0
1720006200,0.007500000000000271,0.0
1720007100,0.005749999999999025,0.0
1720008000,0.017527777777772244,0.0
1720008900,0.013222222222232453,0.0
1720009800,0.018999999999991236,0.0
1720010700,0.016249999999999418,0.0
1720011600,0.006750000000003798,0.0
1720012500,0.012571428571426664,0.0
1720013400,0.00442857142857632,0.0
1720014300,0.011499999999998059,0.0
1720015200,0.0204999999999984,0.0
1720016100,0.026307692307696577,0.0
1720017000,0.03469230769230335,0.0
1720017900,0.026000000000003343,0.0
1720018800,0.016111111111108294,0.0
1720019700,0.013124183006532047,0.0
1720020600,0.003529411764716865,0.0
1720021500,0.012735294117646834,0.0
1720022400,0.006499999999995498,0.0
1720023300,0.008333333333332851,0.0
1720024200,0.011666666666670258,0.0
1720025100,0.004666666666665255,0.0
1720026000,0.013904761904754516,0.0
1720026900,0.006178571428577574,0.0
1720027800,0.006650000000000478,0.0
1720028700,0.02660000000000195,0.0
1720029600,0.022199999999990883,0.0
1720030500,0.026800000000008584,0.0
1720031400,0.02449999999999618,0.0
1720032300,0.020500000000005503,0.0
1720033200,0.02899999999999635,0.0
1720034100,0.020666666666663485,0.0
1720035000,0.02808333333333478,0.0
1720035900,0.024250000000002093,0.0
1720036800,0.02449999999999618,0.0
1720037700,0.030500000000003517,0.0
1720038600,0.02349999999999851,0.0
1720039500,0.032499999999998856,0.0
1720040400,0.025000000000005677,0.0
1720041300,0.022666666666658827,0.0
1720042200,0.032333333333333755,0.0
1720043100,0.02700000000000101,0.0
1720044000,0.04599999999999936,0.0
1720044900,0.04400000000000403,0.0
1720045800,0.03940000000000054,0.0
1720046700,0.042742857142854966,0.0
1720047600,0.010857142857140891,0.0
1720048500,0.008500000000005049,0.0
1720049400,0.012499999999995721,0.0
1720050300,0.005666666666670032,0.0
1720051200,0.013333333333328295,0.0
1720052100,0.00625000000000141,0.0
1720053000,0.004416666666671168,0.0
1720053900,0.01566666666666093,0.0
1720054800,0.004333333333335066,0.0
1720055700,0.009333333333337619,0.0
1720056600,0.012499999999995721,0.0
1720057500,0.005499999999997834,0.0
1720058400,0.013000000000005214,0.0
1720059300,0.008333333333332847,0.0
1720060200,0.005666666666662922,0.0
1720061100,0.01533333333333785,0.0
1720062000,0.005666666666662922,0.0
1720062900,0.009000000000000332,0.0
1720063800,0.012000000000000446,0.0
1720064700,0.006000000000000216,0.0
1720065600,0.014333333333333075,0.0
1720066500,0.008666666666670141,0.0
1720067400,0.0065999999999988195,0.0
1720068300,0.015899999999994908,0.0
1720069200,0.004500000000000161,0.0
1720070100,0.008200000000002195,0.0
1720071000,0.012799999999998583,0.0
1720071900,0.00525000000000374,0.0
1720072800,0.030749999999997602,0.0
1720073700,0.030000000000001126,0.0
1720074600,0.02333333333333342,0.0
1720075500,0.03666666666666884,0.0
1720076400,0.006666666666667698,0.0
1720077300,0.005333333333325631,0.0
1720078200,0.016500000000007713,0.0
1720079100,0.004749999999994254,0.0
1720080000,0.007750000000001467,0.0
1720080900,0.012999999999998109,0.0
1720081800,0.004500000000007268,0.0
1720082700,0.011499999999998057,0.0
1720083600,0.00900000000000033,0.0
1720084500,0.003999999999997774,0.0
1720085400,0.013799999999996244,0.0
1720086300,0.005533333333332269,0.0
1720087200,0.0046666666666723595,0.0
1720088100,0.014249999999996975,0.0
1720089000,0.004750000000001355,0.0
1720089900,0.008333333333332847,0.0
1720090800,0.011666666666670256,0.0
1720091700,0.004999999999995447,0.0
1720092600,0.012999999999998112,0.0
1720093500,0.007000000000004993,0.0
1720094400,0.00450000000000016,0.0
1720095300,0.015499999999995835,0.0
1720096200,0.005499999999997831,0.0
1720097100,0.0065000000000026035,0.0
1720098000,0.01425000000000408,0.0
1720098900,0.004416666666664061,0.0
1720099800,0.02333333333333342,0.0
1720100700,0.02749999999999629,0.0
1720101600,0.025000000000005677,0.0
1720102500,0.035166666666661676,0.0
1720103400,0.018833333333333247,0.0
1720104300,0.005500000000004935,0.0
1720105200,0.014666666666663256,0.0
1720106100,0.005333333333332735,0.0
1720107000,0.01100000000000277,0.0
1720107900,0.01049999999999328,0.0
1720108800,0.005500000000004933,0.0
1720109700,0.013999999999995785,0.0
1720110600,0.007000000000004988,0.0
1720111500,0.006000000000000216,0.0
1720112400,0.01324999999999931,0.0
1720113300,0.0049500000000008895,0.0
1720114200,0.009799999999998466,0.0
1720115100,0.009000000000000334,0.0
1720116000,0.005000000000002547,0.0
1720116900,0.011076923076920748,0.0
1720117800,0.008384615384613874,0.0
1720118700,0.010660412757978565,0.0
1720119600,0.012804878048775928,0.0
1720120500,0.012804878048783034,0.0
1720121400,0.022768292682926003,0.0
1720122300,0.025500000000000956,0.0
1720123200,0.02449999999999618,0.0
1720124100,0.05049999999999954,0.0
1720125000,0.03536666666666831,0.0
1720125900,0.03549999999999897,0.0
1720126800,0.03499047619047956,0.0
1720127700,0.031392857142854766,0.0
1720128600,0.05119444444444808,0.0
1720129500,0.05618055555555656,0.0
1720130400,0.047263888888885205,0.0
1720131300,0.04961111111111193,0.0
1720132200,0.029749999999999936,0.0
1720133100,0.01154999999999972,0.0
1720134000,0.018599999999999273,0.0
1720134900,0.007100000000001202,0.0
1720135800,0.010500000000000386,0.0
1720136700,0.014500000000005274,0.0
1720137600,0.006249999999994302,0.0
1720138500,0.01115000000000065,0.0
1720139400,0.009599999999998936,0.0
1720140300,0.004500000000000158,0.0
1720141200,0.014000000000002883,0.0
1720142100,0.0076249999999973145,0.0
1720143000,0.0048749999999984,0.0
1720143900,0.015300000000003412,0.0
1720144800,0.005449999999996174,0.0
1720145700,0.004305555555553999,0.0
1720146600,0.014777777777780427,0.0
1720147500,0.006166666666672409,0.0
1720148400,0.00805555555555059,0.0
1720149300,0.015444444444440812,0.0
1720150200,0.006500000000002602,0.0
1720151100,0.008666666666663032,0.0
1720152000,0.014633333333335934,0.0
1720152900,0.00480000000000301,0.0
1720153800,0.007599999999996491,0.0
1720154700,0.014133333333333541,0.0
1720155600,0.005666666666670028,0.0
1720156500,0.009000000000000329,0.0
1720157400,0.0266153846153827,0.0
1720158300,0.024384615384619213,0.0
1720159200,0.02999999999999402,0.0
1720160100,0.030750000000004704,0.0
1720161000,0.015916666666669233,0.0
1720161900,0.007333333333328068,0.0
1720162800,0.013500000000000505,0.0
1720163700,0.0060000000000002135,0.0
1720164600,0.007500000000000269,0.0
1720165500,0.014000000000002883,0.0
1720166400,0.005999999999993117,0.0
1720167300,0.008500000000005047,0.0
1720168200,0.011499999999998055,0.0
1720169100,0.004399999999996839,0.0
1720170000,0.008600000000001263,0.0
1720170900,0.01100000000000277,0.0
1720171800,0.0046666666666652585,0.0
1720172700,0.009333333333330519,0.0
1720173600,0.010500000000007491,0.0
1720174500,0.004166666666662867,0.0
1720175400,0.011333333333332963,0.0
1720176300,0.008000000000002661,0.0
1720177200,0.004399999999996841,0.0
1720178100,0.013100000000001426,0.0
1720179000,0.007500000000000273,0.0
1720179900,0.0043333333333279616,0.0
1720180800,0.014666666666670368,0.0
1720181700,0.005250000000003743,0.0
1720182600,0.004499999999993053,0.0
1720183500,0.02325000000000442,0.0
1720184400,0.024999999999998575,0.0
1720185300,0.02716666666666611,0.0
1720186200,0.03383333333333382,0.0
1720187100,0.021000000000000782,0.0
1720188000,0.007000000000004988,0.0
1720188900,0.012249999999994534,0.0
1720189800,0.005250000000003741,0.0
1720190700,0.009999999999998,0.0
1720191600,0.009499999999995613,0.0
1720192500,0.0054999999999978295,0.0
1720193400,0.01250000000000283,0.0
1720194300,0.008250000000003851,0.0
1720195200,0.004950000000000887,0.0
1720196100,0.014800000000001026,0.0
1720197000,0.0071999999999974185,0.0
1720197900,0.004799999999995905,0.0
1720198800,0.02700000000000101,0.0
1720199700,0.018750000000004253,0.0
1720200600,0.021583333333332164,0.0
1720201500,0.028666666666666167,0.0
1720202400,0.020166666666661108,0.0
1720203300,0.027833333333340697,0.0
1720204200,0.033400000000000304,0.0
1720205100,0.026599999999994836,0.0
1720206000,0.0395714285714348,0.0
1720206900,0.02767857142856655,0.0
1720207800,0.00450000000000016,0.0
1720208700,0.014250000000004082,0.0
1720209600,0.005333333333332738,0.0
1720210500,0.004666666666665257,0.0
1720211400,0.014250000000004077,0.0
1720212300,0.01194999999999168,0.0
1720213200,0.023400000000002297,0.0
1720214100,0.03640000000000042,0.0
1720215000,0.0240000000000009,0.0
1720215900,0.024999999999998572,0.0
1720216800,0.012000000000000444,0.0
1720217700,0.004666666666665256,0.0
1720218600,0.010333333333335295,0.0
1720219500,0.008500000000005047,0.0
1720220400,0.004499999999993055,0.0
1720221300,0.014000000000002887,0.0
1720222200,0.006000000000000216,0.0
1720223100,0.010399999999997068,0.0
1720224000,0.018850000000000464,0.0
1720224900,0.008250000000003858,0.0
1720225800,0.009833333333332908,0.0
1720226700,0.015333333333330748,0.0
1720227600,0.007133333333328538,0.0
1720228500,0.011422222222229533,0.0
1720229400,0.012444444444440693,0.0
1720230300,0.0059333333333384435,0.0
1720231200,0.009399999999999397,0.0
1720232100,0.012499999999995725,0.0
1720233000,0.004500000000000161,0.0
1720233900,0.012000000000000448,0.0
1720234800,0.009500000000002713,0.0
1720235700,0.0051666666666676415,0.0
1720236600,0.013083333333334213,0.0
1720237500,0.010916666666666679,0.0
1720238400,0.005583333333333925,0.0
1720239300,0.013749999999994588,0.0
1720240200,0.00966666666666781,0.0
1720241100,0.005666666666670028,0.0
1720242000,0.029166666666668548,0.0
1720242900,0.0307499999999976,0.0
1720243800,0.024749999999997378,0.0
1720244700,0.02859999999999728,0.0
1720245600,0.015733333333336916,0.0
1720246500,0.003666666666667585,0.0
1720247400,0.010333333333335292,0.0
1720248300,0.010666666666665481,0.0
1720249200,0.004499999999993055,0.0
1720250100,0.011500000000005164,0.0
1720251000,0.009499999999995613,0.0
1720251900,0.005300000000005402,0.0
1720252800,0.011399999999994736,0.0
1720253700,0.01880000000000591,0.0
1720254600,0.012999999999998109,0.0
1720255500,0.018000000000000668,0.0
1720256400,0.010833333333330574,0.0
1720257300,0.0063666666666719485,0.0
1720258200,0.010399999999997068,0.0
1720259100,0.010399999999997071,0.0
1720260000,0.004999999999995441,0.0
1720260900,0.011600000000008485,0.0
1720261800,0.007774999999995187,0.0
1720262700,0.004375000000003113,0.0
1720263600,0.013750000000001693,0.0
1720264500,0.006166666666665307,0.0
1720265400,0.0043333333333350705,0.0
1720266300,0.015249999999994646,0.0
1720267200,0.004750000000001355,0.0
1720268100,0.004666666666665255,0.0
1720269000,0.02500000000000567,0.0
1720269900,0.024333333333331084,0.0
1720270800,0.02974999999999993,0.0
1720271700,0.031249999999999993,0.0
1720272600,0.01919999999999787,0.0
1720273500,0.008466666666670607,0.0
1720274400,0.009583333333331712,0.0
1720275300,0.0043500000000022835,0.0
1720276200,0.013399999999997182,0.0
1720277100,0.009000000000000334,0.0
1720278000,0.004999999999995443,0.0
1720278900,0.012999999999998114,0.0
1720279800,0.006000000000007323,0.0
1720280700,0.004999999999995445,0.0
1720281600,0.015000000000000551,0.0
1720282500,0.004400000000003947,0.0
1720283400,0.006599999999998818,0.0
1720284300,0.014799999999993914,0.0
1720285200,0.004533333333334598,0.0
1720286100,0.00966666666666781,0.0
1720287000,0.010714285714286108,0.0
1720287900,0.005885714285717813,0.0
1720288800,0.012399999999999505,0.0
1720289700,0.009000000000000325,0.0
1720290600,0.004999999999995445,0.0
1720291500,0.014500000000005278,0.0
1720292400,0.005499999999997836,0.0
1720293300,0.003999999999997774,0.0
1720294200,0.014749999999999359,0.0
1720295100,0.004250000000006077,0.0
1720296000,0.008499999999997943,0.0
1720296900,0.02590000000000002,0.0
1720297800,0.024266666666669313,0.0
1720298700,0.03453333333332864,0.0
1720299600,0.024799999999999038,0.0
1720300500,0.015000000000000556,0.0
1720301400,0.015000000000000558,0.0
1720302300,0.004333333333335068,0.0
1720303200,0.005666666666662924,0.0
1720304100,0.013200000000004751,0.0
1720305000,0.004299999999993522,0.0
1720305900,0.010000000000005109,0.0
1720306800,0.00950000000000272,0.0
1720307700,0.0054999999999978295,0.0
1720308600,0.0135000000000005,0.0
1720309500,0.007500000000000273,0.0
1720310400,0.0060000000000002135,0.0
1720311300,0.01650000000000061,0.0
1720312200,0.004666666666665255,0.0
1720313100,0.005333333333332736,0.0
1720314000,0.01619999999999776,0.0
1720314900,0.0054000000000016144,0.0
1720315800,0.008066666666664429,0.0
1720316700,0.013333333333335402,0.0
1720317600,0.004399999999996841,0.0
1720318500,0.010600000000003707,0.0
1720319400,0.009999999999998002,0.0
1720320300,0.004750000000001353,0.0
1720321200,0.013049999999999772,0.0
1720322100,0.004449999999998503,0.0
1720323000,0.007416666666664173,0.0
1720323900,0.01233333333333773,0.0
1720324800,0.012750000000004027,0.0
1720325700,0.032249999999997656,0.0
1720326600,0.02866666666666616,0.0
1720327500,0.025833333333331144,0.0
1720328400,0.02650000000000573,0.0
1720329300,0.006999999999997886,0.0
1720330200,0.00439999999999684,0.0
1720331100,0.014000000000002883,0.0
1720332000,0.005933333333331338,0.0
1720332900,0.005166666666667642,0.0
1720333800,0.01489999999999724,0.0
1720334700,0.00510000000000586,0.0
1720335600,0.006785714285712159,0.0
1720336500,0.01511428571428296,0.0
1720337400,0.004266666666666191,0.0
1720338300,0.011333333333332963,0.0
1720339200,0.010500000000000386,0.0
1720340100,0.004500000000000161,0.0
1720341000,0.015000000000000556,0.0
1720341900,0.008000000000002661,0.0
1720342800,0.004999999999995445,0.0
1720343700,0.015666666666668036,0.0
1720344600,0.005333333333332738,0.0
1720345500,0.006000000000000216,0.0
1720346400,0.01500000000000056,0.0
1720347300,0.005000000000002552,0.0
1720348200,0.009000000000000329,0.0
1720349100,0.010999999999995668,0.0
1720350000,0.00400000000000488,0.0
1720350900,0.012999999999998112,0.0
1720351800,0.006000000000000218,0.0
1720352700,0.004500000000000161,0.0
1720353600,0.022699999999993267,0.0
1720354500,0.02580000000000381,0.0
1720355400,0.027999999999998682,0.0
1720356300,0.03150000000000119,0.0
1720357200,0.01950000000000073,0.0
1720358100,0.00900000000000033,0.0
1720359000,0.009999999999997998,0.0
1720359900,0.004000000000004882,0.0
1720360800,0.01233333333333063,0.0
1720361700,0.0076666666666653695,0.0
1720362600,0.005000000000002548,0.0
1720363500,0.015000000000000553,0.0
1720364400,0.0043333333333279616,0.0
1720365300,0.005666666666670026,0.0
1720366200,0.016399999999997292,0.0
1720367100,0.00560000000000115,0.0
1720368000,0.008000000000002661,0.0
1720368900,0.011666666666663154,0.0
1720369800,0.004733333333334135,0.0
1720370700,0.012600000000006146,0.0
1720371600,0.008799999999993686,0.0
1720372500,0.00486666666667189,0.0
1720373400,0.016333333333335517,0.0
1720374300,0.004499999999993052,0.0
1720375200,0.004999999999995441,0.0
1720376100,0.014500000000012373,0.0
1720377000,0.004333333333320848,0.0
1720377900,0.006666666666674803,0.0
1720378800,0.01299999999999101,0.0
1720379700,0.004000000000004878,0.0
1720380600,0.009999999999990893,0.0
1720381500,0.021000000000014993,0.0
1720382400,0.02499999999999146,0.0
1720383300,0.03475000000000249,0.0
1720384200,0.02558333333332995,0.0
1720385100,0.01866666666667526,0.0
1720386000,0.014333333333325966,0.0
1720386900,0.00466666666666525,0.0
1720387800,0.00600000000000022,0.0
1720388700,0.013666666666679799,0.0
1720389600,0.00433333333332085,0.0
1720390500,0.011000000000009875,0.0
1720391400,0.009666666666660705,0.0
1720392300,0.004833333333337452,0.0
1720393200,0.014249999999989866,0.0
1720394100,0.0067500000000109,0.0
1720395000,0.005499999999997828,0.0
1720395900,0.015799999999998683,0.0
1720396800,0.006199999999992641,0.0
1720397700,0.0071111111111150545,0.0
1720398600,0.013555555555555533,0.0
1720399500,0.0057333333333389035,0.0
1720400400,0.008600000000001258,0.0
1720401300,0.01250000000000283,0.0
1720402200,0.005499999999997827,0.0
1720403100,0.012999999999991003,0.0
1720404000,0.007500000000007373,0.0
1720404900,0.005499999999997827,0.0
1720405800,0.013999999999995783,0.0
1720406700,0.006333333333344615,0.0
1720407600,0.005166666666667638,0.0
1720408500,0.014099999999984885,0.0
1720409400,0.005650000000002806,0.0
1720410300,0.006749999999996688,0.0
1720411200,0.017000000000010108,0.0
1720412100,0.025999999999996234,0.0
1720413000,0.029499999999998736,0.0
1720413900,0.02916666666666855,0.0
1720414800,0.024333333333331084,0.0
1720415700,0.012000000000000444,0.0
1720416600,0.007000000000004988,0.0
1720417500,0.003999999999990668,0.0
1720418400,0.015000000000000556,0.0
1720419300,0.0052500000000037335,0.0
1720420200,0.0044166666666711615,0.0
1720421100,0.01583333333333313,0.0
1720422000,0.004833333333323243,0.0
1720422900,0.005916666666678324,0.0
1720423800,0.014749999999992254,0.0
1720424700,0.004500000000007262,0.0
1720425600,0.007499999999993167,0.0
1720426500,0.013000000000005212,0.0
1720427400,0.004666666666665248,0.0
1720428300,0.010533333333327717,0.0
1720429200,0.011000000000009879,0.0
1720430100,0.0047999999999888,0.0
1720431000,0.0133333333333354,0.0
1720431900,0.0073333333333351755,0.0
1720432800,0.004833333333337448,0.0
1720433700,0.014499999999998164,0.0
1720434600,0.0065000000000026035,0.0
1720435500,0.00383333333333268,0.0
1720436400,0.014666666666670368,0.0
1720437300,0.004999999999995439,0.0
1720438200,0.005333333333339837,0.0
1720439100,0.023666666666656497,0.0
1720440000,0.02299999999999612,0.0
1720440900,0.028333333333335976,0.0
1720441800,0.03266666666667105,0.0
1720442700,0.02133333333333097,0.0
1720443600,0.012166666666658428,0.0
1720444500,0.007500000000007375,0.0
1720445400,0.004999999999995443,0.0
1720446300,0.013500000000007601,0.0
1720447200,0.006000000000000216,0.0
1720448100,0.005166666666667643,0.0
1720449000,0.014333333333325971,0.0
1720449900,0.005400000000008718,0.0
1720450800,0.007599999999996484,0.0
1720451700,0.013499999999993389,0.0
1720452600,0.005000000000009649,0.0
1720453500,0.012249999999994527,0.0
1720454400,0.009250000000008625,0.0
1720455300,0.0043333333333208535,0.0
1720456200,0.014466666666677942,0.0
1720457100,0.005699999999990252,0.0
1720458000,0.0053000000000053985,0.0
1720458900,0.014533333333332605,0.0
1720459800,0.005666666666670025,0.0
1720460700,0.0097499999999968,0.0
1720461600,0.010249999999999189,0.0
1720462500,0.004800000000003013,0.0
1720463400,0.01420000000000242,0.0
1720464300,0.007249999999984867,0.0
1720465200,0.0060833333333505215,0.0
1720466100,0.016066666666659995,0.0
1720467000,0.014099999999999105,0.0
1720467900,0.03350000000000363,0.0
1720468800,0.029333333333326533,0.0
1720469700,0.11751282051282885,0.0
1720470600,0.1633538461538393,0.0
1720471500,0.12655000000000882,0.0
1720472400,0.10824999999999818,0.0
1720473300,0.03199999999999647,0.0
1720474200,0.021799999999998928,0.0
1720475100,0.009670588235294977,0.0
1720476000,0.01356644880173973,0.0
1720476900,0.0038888888888948185,0.0
1720477800,0.00424074074074098,0.0
1720478700,0.006333333333337505,0.0
1720479600,0.013200000000004744,0.0
1720480500,0.005674999999996533,0.0
1720481400,0.025574999999996337,0.0
1720482300,0.005618181818192608,0.0
1720483200,0.014818181818171168,0.0
1720484100,0.009545454545460064,0.0
1720485000,0.009545454545460064,0.0
1720485900,0.0092727272727302,0.0
1720486800,0.00537499999998657,0.0
1720487700,0.005250000000003741,0.0
1720488600,0.013041666666666165,0.0
1720489500,0.009564102564112874,0.0
1720490400,0.006769230769222629,0.0
1720491300,0.010000000000005107,0.0
1720492200,0.008307692307695892,0.0
1720493100,0.007136752136744909,0.0
1720494000,0.013923976608197103,0.0
1720494900,0.006917293233072987,0.0
1720495800,0.007089285714286561,0.0
1720496700,0.025624999999990898,0.0
1720497600,0.030000000000001126,0.0
1720498500,0.026000000000010445,0.0
1720499400,0.032888888888891174,0.0
1720500300,0.013311111111107709,0.0
1720501200,0.00405000000000653,0.0
1720502100,0.015499999999988733,0.0
1720503000,0.004249999999998965,0.0
1720503900,0.004499999999993052,0.0
1720504800,0.013884615384625924,0.0
1720505700,0.0068653846153807615,0.0
1720506600,0.004211538461547075,0.0
1720507500,0.012307692307686574,0.0
1720508400,0.00851076923076732,0.0
1720509300,0.007181538461537681,0.0
1720510200,0.01096153846154379,0.0
1720511100,0.010148351648354027,0.0
1720512000,0.005650793650787006,0.0
1720512900,0.011111111111119934,0.0
1720513800,0.009282051282042384,0.0
1720514700,0.005031674208154852,0.0
1720515600,0.006638655462182885,0.0
1720516500,0.009642857142850396,0.0
1720517400,0.008917582417581107,0.0
1720518300,0.010615384615377357,0.0
1720519200,0.011538461538464153,0.0
1720520100,0.005444444444449898,0.0
1720521000,0.010555555555555414,0.0
1720521900,0.009333333333330512,0.0
1720522800,0.008952380952393917,0.0
1720523700,0.03574876847289942,0.0
1720524600,0.022758620689657495,0.0
1720525500,0.025591511936326576,0.0
1720526400,0.03602447552448495,0.0
1720527300,0.006136363636372247,0.0
1720528200,0.008454545454540588,0.0
1720529100,0.012571428571433773,0.0
1720530000,0.00324675324674216,0.0
1720530900,0.008181818181824936,0.0
1720531800,0.01315384615384117,0.0
1720532700,0.00434615384615709,0.0
1720533600,0.01500000000000055,0.0
1720534500,0.005499999999983617,0.0
1720535400,0.005000000000009647,0.0
1720536300,0.012999999999991001,0.0
1720537200,0.007416666666671277,0.0
1720538100,0.005694444444458202,0.0
1720539000,0.01045410628017861,0.0
1720539900,0.01143478260870266,0.0
1720540800,0.009923076923072914,0.0
1720541700,0.011076923076927854,0.0
1720542600,0.003307692307700434,0.0
1720543500,0.011644688644679472,0.0
1720544400,0.007142857142852655,0.0
1720545300,0.005104761904775027,0.0
1720546200,0.01446666666666373,0.0
1720547100,0.008095238095236804,0.0
1720548000,0.009238095238089251,0.0
1720548900,0.017249999999989978,0.0
1720549800,0.005550000000013695,0.0
1720550700,0.042199999999994006,0.0
1720551600,0.04500000000000169,0.0
1720552500,0.03549999999999896,0.0
1720553400,0.04350000000000874,0.0
1720554300,0.01980000000000358,0.0
1720555200,0.012755555555543186,0.0
1720556100,0.01664444444443801,0.0
1720557000,0.018800000000013015,0.0
1720557900,0.026666666666670825,0.0
1720558800,0.11466666666665049,0.0
1720559700,0.033666666666675824,0.0
1720560600,0.03233333333334086,0.0
1720561500,0.02191666666665525,0.0
1720562400,0.02915000000000133,0.0
1720563300,0.021766666666664485,0.0
1720564200,0.01861111111111313,0.0
1720565100,0.012555555555564967,0.0
1720566000,0.005666666666655816,0.0
1720566900,0.016000000000005333,0.0
1720567800,0.0063333333333304,0.0
1720568700,0.009416666666666613,0.0
1720569600,0.013750000000001693,0.0
1720570500,0.00516666666666764,0.0
1720571400,0.012333333333330624,0.0
1720572300,0.008799999999993686,0.0
1720573200,0.006628571428578293,0.0
1720574100,0.015321428571439793,0.0
1720575000,0.005107142857127638,0.0
1720575900,0.009892857142858683,0.0
1720576800,0.011250000000003963,0.0
1720577700,0.004499999999993049,0.0
1720578600,0.03200000000001067,0.0
1720579500,0.027249999999995098,0.0
1720580400,0.025249999999999762,0.0
1720581300,0.03520000000000322,0.0
1720582200,0.011799999999993805,0.0
1720583100,0.00966666666667491,0.0
1720584000,0.010958333333320507,0.0
1720584900,0.005624999999994867,0.0
1720585800,0.011125000000006914,0.0
1720586700,0.009125000000011577,0.0
1720587600,0.0060714285714311535,0.0
1720588500,0.014428571428567233,0.0
1720589400,0.0074999999999860595,0.0
1720590300,0.0073500000000024015,0.0
1720591200,0.011344444444446813,0.0
1720592100,0.004555555555555196,0.0
1720593000,0.01666666666666571,0.0
1720593900,0.02745833333333535,0.0
1720594800,0.03012499999999106,0.0
1720595700,0.03341666666667464,0.0
1720596600,0.024333333333331087,0.0
1720597500,0.00828571428571222,0.0
1720598400,0.01016883116883348,0.0
1720599300,0.0039454545454518,0.0
1720600200,0.013350000000002622,0.0
1720601100,0.006450000000000937,0.0
1720602000,0.004999999999995443,0.0
1720602900,0.011800000000000905,0.0
1720603800,0.006714285714288325,0.0
1720604700,0.01128571428571233,0.0
1720605600,0.010776200210069123,0.0
1720606500,0.005333333333332733,0.0
1720607400,0.008852410154004968,0.0
1720608300,0.008571428571421775,0.0
1720609200,0.008571428571428884,0.0
1720610100,0.01500000000000055,0.0
1720611000,0.007500000000000271,0.0
1720611900,0.005749999999999025,0.0
1720612800,0.017527777777772244,0.0
1720613700,0.013222222222232453,0.0
1720614600,0.018999999999991236,0.0
1720615500,0.016249999999999418,0.0
1720616400,0.006750000000003798,0.0
1720617300,0.012571428571426664,0.0
1720618200,0.00442857142857632,0.0
1720619100,0.011499999999998059,0.0
1720620000,0.0204999999999984,0.0
1720620900,0.026307692307696577,0.0
1720621800,0.03469230769230335,0.0
1720622700,0.026000000000003343,0.0
1720623600,0.016111111111108294,0.0
1720624500,0.013124183006532047,0.0
1720625400,0.003529411764716865,0.0
1720626300,0.012735294117646834,0.0
1720627200,0.006499999999995498,0.0
1720628100,0.008333333333332851,0.0
1720629000,0.011666666666670258,0.0
1720629900,0.004666666666665255,0.0
1720630800,0.013904761904754516,0.0
1720631700,0.006178571428577574,0.0
1720632600,0.006650000000000478,0.0
1720633500,0.02660000000000195,0.0
1720634400,0.022199999999990883,0.0
1720635300,0.026800000000008584,0.0
1720636200,0.02449999999999618,0.0
1720637100,0.020500000000005503,0.0
1720638000,0.02899999999999635,0.0
1720638900,0.020666666666663485,0.0
1720639800,0.02808333333333478,0.0
1720640700,0.024250000000002093,0.0
1720641600,0.02449999999999618,0.0
1720642500,0.030500000000003517,0.0
1720643400,0.02349999999999851,0.0
1720644300,0.032499999999998856,0.0
1720645200,0.025000000000005677,0.0
1720646100,0.022666666666658827,0.0
1720647000,0.032333333333333755,0.0
1720647900,0.018142857142862553,0.0
1720648800,0.008035714285711029,0.0
1720649700,0.010071428571436048,0.0
1720650600,0.011035714285711132,0.0
1720651500,0.005714285714290655,0.0
1720652400,0.01800000000000067,0.0
1720653300,0.008500000000005049,0.0
1720654200,0.012499999999995721,0.0
1720655100,0.0064373267792293635,0.0
1720656000,0.014057049852559395,0.0
1720656900,0.00769743303846361,0.0
1720657800,0.006587816224364468,0.0
1720658700,0.01566666666666093,0.0
1720659600,0.005054130695941488,0.0
1720660500,0.009333333333337619,0.0
1720661400,0.013220797362602144,0.0
1720662300,0.006941594725210677,0.0
1720663200,0.013734798007345823,0.0
1720664100,0.009068131340673457,0.0
1720665000,0.007871060688684747,0.0
1720665900,0.016068131340678457,0.0
1720666800,0.005666666666662922,0.0
1720667700,0.010431303823756578,0.0
1720668600,0.012715651911878569,0.0
1720669500,0.00671565191187834,0.0
1720670400,0.015048832525378395,0.0
1720671300,0.009382165858715461,0.0
1720672200,0.0065999999999988195,0.0
1720673100,0.015899999999994908,0.0
1720674000,0.0072489206505014486,0.0
1720674900,0.008887230162627517,0.0
1720675800,0.012799999999998583,0.0
1720676700,0.005937230162629062,0.0
1720677600,0.030749999999997602,0.0
1720678500,0.030000000000001126,0.0
1720679400,0.02333333333333342,0.0
1720680300,0.03666666666666884,0.0
1720681200,0.006666666666667698,0.0
1720682100,0.008111366886910666,0.0
1720683000,0.016500000000007713,0.0
1720683900,0.007637736654764073,0.0
1720684800,0.009060886971072562,0.0
1720685700,0.014013267923454491,0.0
1720686600,0.007539803770376409,0.0
1720687500,0.012513267923454438,0.0
1720688400,0.009850000000000124,0.0
1720689300,0.007149449115632261,0.0
1720690200,0.014587362278904868,0.0
1720691100,0.007108057891149514,0.0
1720692000,0.005442866876736375,0.0
1720692900,0.01502620021006099,0.0
1720693800,0.004750000000001355,0.0
1720694700,0.009885733753460878,0.0
1720695600,0.013330930582476575,0.0
1720696500,0.009160659789511246,0.0
1720697400,0.013832131957901273,0.0
1720698300,0.009496395873714474,0.0
1720699200,0.00725536211118533,0.0
1720700100,0.015499999999995835,0.0
1720701000,0.005499999999997831,0.0
1720701900,0.0065000000000026035,0.0
1720702800,0.01698059570292189,0.0
1720703700,0.006237063801942601,0.0
1720704600,0.02333333333333342,0.0
1720705500,0.02749999999999629,0.0
1720706400,0.025000000000005677,0.0
1720707300,0.035166666666661676,0.0
1720708200,0.018833333333333247,0.0
1720709100,0.006480559288473176,0.0
1720710000,0.014666666666663256,0.0
1720710900,0.008149820533708314,0.0
1720711800,0.01100000000000277,0.0
1720712700,0.011438829066785141,0.0
1720713600,0.008822406753116973,0.0
1720714500,0.015107468917699799,0.0
1720715400,0.010322406753117028,0.0
1720716300,0.00710746891770423,0.0
1720717200,0.016629802731846912,0.0
1720718100,0.0049500000000008895,0.0
1720719000,0.009799999999998466,0.0
1720719900,0.009000000000000334,0.0
1720720800,0.008725839425692983,0.0
1720721700,0.011076923076920748,0.0
1720722600,0.008384615384613874,0.0
1720723500,0.010660412757978565,0.0
1720724400,0.012804878048775928,0.0
1720725300,0.012804878048783034,0.0
1720726200,0.022768292682926003,0.0
1720727100,0.025500000000000956,0.0
1720728000,0.02449999999999618,0.0
1720728900,0.05049999999999954,0.0
1720729800,0.03536666666666831,0.0
1720730700,0.03549999999999897,0.0
1720731600,0.03499047619047956,0.0
1720732500,0.031392857142854766,0.0
1720733400,0.05119444444444808,0.0
1720734300,0.05618055555555656,0.0
1720735200,0.047263888888885205,0.0
1720736100,0.04961111111111193,0.0
1720737000,0.029749999999999936,0.0
1720737900,0.01154999999999972,0.0
1720738800,0.0144499999999823,0.0
1720739700,0.00633333333334461,0.0
1720740600,0.00666666666666059,0.0
1720741500,0.012100000000003762,0.0
1720742400,0.005566666666666703,0.0
1720743300,0.013666666666665595,0.0
1720744200,0.0063333333333304,0.0
1720745100,0.01833333333333086,0.0
1720746000,0.03300000000000124,0.0
1720746900,0.025000000000005674,0.0
1720747800,0.03314285714284892,0.0
1720748700,0.017857142857152994,0.0
1720749600,0.006571428571419336,0.0
1720750500,0.011428571428567109,0.0
1720751400,0.005333333333339842,0.0
1720752300,0.01006666666667398,0.0
1720753200,0.008742857142848932,0.0
1720754100,0.00385714285714299,0.0
1720755000,0.015333333333330744,0.0
1720755900,0.004666666666665248,0.0
1720756800,0.009000000000014535,0.0
1720757700,0.010999999999995671,0.0
1720758600,0.0052222222222155605,0.0
1720759500,0.013920634920637543,0.0
1720760400,0.006457142857144037,0.0
1720761300,0.006399999999999279,0.0
1720762200,0.01420000000000242,0.0
1720763100,0.0041333333333284285,0.0
1720764000,0.010666666666665476,0.0
1720764900,0.009500000000002713,0.0
1720765800,0.005000000000009647,0.0
1720766700,0.013999999999995778,0.0
1720767600,0.006666666666660589,0.0
1720768500,0.013633333333345361,0.0
1720769400,0.01419999999998821,0.0
1720770300,0.00379999999999824,0.0
1720771200,0.013199999999997648,0.0
1720772100,0.019000000000005447,0.0
1720773000,0.0275000000000034,0.0
1720773900,0.030333333333331318,0.0
1720774800,0.026166666666654226,0.0
1720775700,0.025400000000004738,0.0
1720776600,0.006537500000007401,0.0
1720777500,0.0060624999999987364,0.0
1720778400,0.012749999999996911,0.0
1720779300,0.004649999999998027,0.0
1720780200,0.008600000000001258,0.0
1720781100,0.01100000000000988,0.0
1720782000,0.00900000000000033,0.0
1720782900,0.00900000000000033,0.0
1720783800,0.006888888888880713,0.0
1720784700,0.006034188034192295,0.0
1720785600,0.009615384615386793,0.0
1720786500,0.009615384615372582,0.0
1720787400,0.014346153846162208,0.0
1720788300,0.00749999999999316,0.0
1720789200,0.009827586206895934,0.0
1720790100,0.00957241379310857,0.0
1720791000,0.005600000000001143,0.0
1720791900,0.008615384615382015,0.0
1720792800,0.008076923076927743,0.0
1720793700,0.00927543424317888,0.0
1720794600,0.010645161290327098,0.0
1720795500,0.009229202037346325,0.0
1720796400,0.012631578947363643,0.0
1720797300,0.005435406698566665,0.0
1720798200,0.006090909090900696,0.0
1720799100,0.01615384615385551,0.0
1720800000,0.018912820512809955,0.0
1720800900,0.02649999999999863,0.0
1720801800,0.02743333333334873,0.0
1720802700,0.027400000000000077,0.0
1720803600,0.024907692307678524,0.0
1720804500,0.005737762237771435,0.0
1720805400,0.010227272727277636,0.0
1720806300,0.007838383838375752,0.0
1720807200,0.010055555555553033,0.0
1720808100,0.027833333333340697,0.0
1720809000,0.033400000000000304,0.0
1720809900,0.026599999999994836,0.0
1720810800,0.030666666666675717,0.0
1720811700,0.008376811594203549,0.0
1720812600,0.011206521739126158,0.0
1720813500,0.007223684210529748,0.0
1720814400,0.009526315789472032,0.0
1720815300,0.007499999999993165,0.0
1720816200,0.010454545454550147,0.0
1720817100,0.010795454545444717,0.0
1720818000,0.005850000000009442,0.0
1720818900,0.011399999999994725,0.0
1720819800,0.009705882352946548,0.0
1720820700,0.005044117647059908,0.0
1720821600,0.014173076923071891,0.0
1720822500,0.004615384615391332,0.0
1720823400,0.0075524475524417585,0.0
1720824300,0.01090909090909518,0.0
1720825200,0.01090909090909518,0.0
1720826100,0.01610977701544412,0.0
1720827000,0.020660377358481682,0.0
1720827900,0.020660377358495893,0.0
1720828800,0.020660377358481682,0.0
1720829700,0.030909090909091205,0.0
1720830600,0.027272727272730876,0.0
1720831500,0.007490312965714435,0.0
1720832400,0.010081967213110924,0.0
1720833300,0.010081967213125135,0.0
1720834200,0.010081967213110924,0.0
1720835100,0.010081967213110924,0.0
1720836000,0.007500000000007377,0.0
1720836900,0.009900000000001784,0.0
1720837800,0.009599999999991825,0.0
1720838700,0.006100000000003531,0.0
1720839600,0.010500000000007495,0.0
1720840500,0.010499999999993284,0.0
1720841400,0.012900000000001898,0.0
1720842300,0.008399999999994617,0.0
1720843200,0.008314285714291705,0.0
1720844100,0.009642857142850396,0.0
1720845000,0.009642857142864607,0.0
1720845900,0.010400000000004177,0.0
1720846800,0.008494736842095554,0.0
1720847700,0.009473684210533396,0.0
1720848600,0.011337461300314529,0.0
1720849500,0.009151260504197005,0.0
1720850400,0.011142857142857556,0.0
1720851300,0.006857142857143103,0.0
1720852200,0.00745054945053879,0.0
1720853100,0.012692307692304887,0.0
1720854000,0.0047777777777895285,0.0
1720854900,0.012748538011692281,0.0
1720855800,0.006200956937803416,0.0
1720856700,0.005454545454540485,0.0
1720857600,0.014929292929295445,0.0
1720858500,0.022555555555555877,0.0
1720859400,0.021333333333330977,0.0
1720860300,0.03750000000000851,0.0
1720861200,0.027899999999988254,0.0
1720862100,0.016599999999996826,0.0
1720863000,0.003857142857142991,0.0
1720863900,0.011785714285707618,0.0
1720864800,0.00790259740261944,0.0
1720865700,0.005054545454527205,0.0
1720866600,0.013200000000011852,0.0
1720867500,0.0056999999999902485,0.0
1720868400,0.011000000000009875,0.0
1720869300,0.009000000000000332,0.0
1720870200,0.0057222222222179505,0.0
1720871100,0.013977777777782297,0.0
1720872000,0.005133333333333196,0.0
1720872900,0.01006666666665977,0.0
1720873800,0.010266666666666409,0.0
1720874700,0.00653333333333704,0.0
1720875600,0.014133333333333543,0.0
1720876500,0.004666666666665253,0.0
1720877400,0.011600000000001375,0.0
1720878300,0.008177777777774498,0.0
1720879200,0.004472222222219084,0.0
1720880100,0.013607142857139808,0.0
1720881000,0.007142857142866865,0.0
1720881900,0.010000000000005109,0.0
1720882800,0.009000000000000332,0.0
1720883700,0.004749999999987143,0.0
1720884600,0.012779411764711293,0.0
1720885500,0.016137254901963143,0.0
1720886400,0.023333333333326312,0.0
1720887300,0.040000000000006246,0.0
1720888200,0.02515384615384163,0.0
1720889100,0.02595726495727034,0.0
1720890000,0.006965811965812903,0.0
1720890900,0.006523076923073736,0.0
1720891800,0.012614285714292343,0.0
1720892700,0.006385714285713095,0.0
1720893600,0.012399999999999505,0.0
1720894500,0.010241946475230471,0.0
1720895400,0.009967785900916026,0.0
1720896300,0.015741946475235424,0.0
1720897200,0.012759794016454355,0.0
1720898100,0.009279048914802877,0.0
1720899000,0.00967741935484411,0.0
1720899900,0.01126621231590227,0.0
1720900800,0.008499999999997943,0.0
1720901700,0.02590000000000002,0.0
1720902600,0.024266666666669313,0.0
1720903500,0.03453333333332864,0.0
1720904400,0.024799999999999038,0.0
1720905300,0.016900480657840597,0.0
1720906200,0.015000000000000558,0.0
1720907100,0.006233813991175108,0.0
1720908000,0.012040264956591698,0.0
1720908900,0.01040816326529636,0.0
1720909800,0.01040816326531057,0.0
1720910700,0.01040816326531057,0.0
1720911600,0.0046666666666652515,0.0
1720912500,0.012999999999991008,0.0
1720913400,0.007047619047625613,0.0
1720914300,0.006285714285709772,0.0
1720915200,0.03300000000000124,0.0
1720916100,0.028000000000005784,0.0
1720917000,0.02599999999999624,0.0
1720917900,0.03149999999999408,0.0
1720918800,0.007500000000007375,0.0
1720919700,0.006500000000002597,0.0
1720920600,0.01335714285714572,0.0
1720921500,0.004428571428562105,0.0
1720922400,0.007314285714301137,0.0
1720923300,0.013733333333320264,0.0
1720924200,0.005466666666663384,0.0
1720925100,0.011866666666676894,0.0
1720926000,0.00869047619046625,0.0
1720926900,0.006198412698410028,0.0
1720927800,0.011666666666670256,0.0
1720928700,0.009277777777782594,0.0
1720929600,0.005617647058826932,0.0
1720930500,0.011549019607841153,0.0
1720931400,0.008083333333331656,0.0
1720932300,0.006250000000008512,0.0
1720933200,0.014333333333325966,0.0
1720934100,0.006939393939390458,0.0
1720935000,0.00722727272727751,0.0
1720935900,0.01149999999999806,0.0
1720936800,0.009000000000000324,0.0
1720937700,0.005857142857138323,0.0
1720938600,0.015642857142850613,0.0
1720939500,0.004500000000007265,0.0
1720940400,0.006799999999998352,0.0
1720941300,0.014200000000002424,0.0
1720942200,0.0045999999999963735,0.0
1720943100,0.005650000000002806,0.0
1720944000,0.014250000000004075,0.0
1720944900,0.01916666666666343,0.0
1720945800,0.028392156862750532,0.0
1720946700,0.03014117647057901,0.0
1720947600,0.026466666666664182,0.0
1720948500,0.015333333333344955,0.0
1720949400,0.01299999999999101,0.0
1720950300,0.00674999999999669,0.0
1720951200,0.00674999999999669,0.0
1720952100,0.007833333333337565,0.0
1720953000,0.00520512820513373,0.0
1720953900,0.008461538461546052,0.0
1720954800,0.01125000000000397,0.0
1720955700,0.0058749999999889585,0.0
1720956600,0.009500000000002713,0.0
1720957500,0.011474999999990116,0.0
1720958400,0.005500000000012035,0.0
1720959300,0.011399999999994732,0.0
1720960200,0.009749999999996808,0.0
1720961100,0.005250000000003735,0.0
1720962000,0.014500000000012376,0.0
1720962900,0.006499999999988387,0.0
1720963800,0.005615384615396108,0.0
1720964700,0.007025409655168392,0.0
1720965600,0.014294451910267115,0.0
1720966500,0.009627785243601854,0.0
1720967400,0.007941677865407273,0.0
1720968300,0.015980559288468796,0.0
1720969200,0.008088649600495402,0.0
1720970100,0.006605495733461887,0.0
1720971000,0.016399999999997292,0.0
1720971900,0.025469230769246558,0.0
1720972800,0.027403846153845272,0.0
1720973700,0.027403846153845272,0.0
1720974600,0.028923076923078377,0.0
1720975500,0.018000000000000668,0.0
1720976400,0.008799999999993686,0.0
1720977300,0.008246469398519495,0.0
1720978200,0.018586535154567256,0.0
1720979100,0.006753201821224788,0.0
1720980000,0.01190000000001133,0.0
1720980900,0.004750000000001347,0.0
1720981800,0.008250000000003851,0.0
1720982700,0.012142857142848112,0.0
1720983600,0.005857142857152535,0.0
1720984500,0.014749999999992257,0.0
1720985400,0.0054500000000103814,0.0
1720986300,0.008646153846143523,0.0
1720987200,0.011538461538464155,0.0
1720988100,0.029365384615374513,0.0
1720989000,0.02558333333332995,0.0
1720989900,0.020743423357419247,0.0
1720990800,0.014333333333325966,0.0
1720991700,0.00751738765342531,0.0
1720992600,0.010751201644600321,0.0
1720993500,0.01572727272727546,0.0
1720994400,0.012272727272730306,0.0
1720995300,0.012732058723904944,0.0
1720996200,0.01139872539055577,0.0
1720997100,0.0074314214191800515,0.0
1720998000,0.014249999999989866,0.0
1720998900,0.008291320225129564,0.0
1720999800,0.01638461538462365,0.0
1721000700,0.032115384615380535,0.0
1721001600,0.027500000000003404,0.0
1721002500,0.02979999999999449,0.0
1721003400,0.01610909090909728,0.0
1721004300,0.014490909090895334,0.0
1721005200,0.005858064516132788,0.0
1721006100,0.005806451612912146,0.0
1721007000,0.007320099255579736,0.0
1721007900,0.008076923076927743,0.0
1721008800,0.012629370629369406,0.0
1721009700,0.008659090909091545,0.0
1721010600,0.00374999999999657,0.0
1721011500,0.008507323370040494,0.0
1721012400,0.007313622402302008,0.0
1721013300,0.014099999999984885,0.0
1721014200,0.007081303823759054,0.0
1721015100,0.006749999999996688,0.0
1721016000,0.017000000000010108,0.0
1721016900,0.025999999999996234,0.0
1721017800,0.029499999999998736,0.0
1721018700,0.02916666666666855,0.0
1721019600,0.024333333333331084,0.0
1721020500,0.01406169048787641,0.0
1721021400,0.008374460325255632,0.0
1721022300,0.00881061113836792,0.0
1721023200,0.015000000000000556,0.0
1721024100,0.006055319598055211,0.0
1721025000,0.007637945058877075,0.0
1721025900,0.01188888888887617,0.0
1721026800,0.014444444444436034,0.0
1721027700,0.03499999999999658,0.0
1721028600,0.02633333333334064,0.0
1721029500,0.027222222222221145,0.0
1721030400,0.0233675213675184,0.0
1721031300,0.009841628959279085,0.0
1721032200,0.015124183006534493,0.0
1721033100,0.019304659498217785,0.0
1721034000,0.008225806451605411,0.0
1721034900,0.008643145161286716,0.0
1721035800,0.009737499999999948,0.0
1721036700,0.005563636363646642,0.0
1721037600,0.008636363636355771,0.0
1721038500,0.012285714285709997,0.0
1721039400,0.005857142857152538,0.0
1721040300,0.016142857142853004,0.0
1721041200,0.005714285714290653,0.0
1721042100,0.007857142857133662,0.0
1721043000,0.0131428571428671,0.0
1721043900,0.004666666666665248,0.0
1721044800,0.011333333333325852,0.0
1721045700,0.009600000000006036,0.0
1721046600,0.004599999999996368,0.0
1721047500,0.01354999999999505,0.0
1721048400,0.006000000000000212,0.0
1721049300,0.006250000000008508,0.0
1721050200,0.014666666666670365,0.0
1721051100,0.004487179487171015,0.0
1721052000,0.009846153846154929,0.0
1721052900,0.008750000000006235,0.0
1721053800,0.005250000000003739,0.0
1721054700,0.03233333333332665,0.0
1721055600,0.028666666666666164,0.0
1721056500,0.023666666666670708,0.0
1721057400,0.036333333333331545,0.0
1721058300,0.007999999999995558,0.0
1721059200,0.011000000000009879,0.0
1721060100,0.009999999999990893,0.0
1721061000,0.004999999999995439,0.0
1721061900,0.014750000000006461,0.0
1721062800,0.006249999999994302,0.0
1721063700,0.005499999999997825,0.0
1721064600,0.018500000000003063,0.0
1721065500,0.014333333333340184,0.0
1721066400,0.022800000000003692,0.0
1721067300,0.025999999999996238,0.0
1721068200,0.025999999999996238,0.0
1721069100,0.025999999999996238,0.0
1721070000,0.02672380952381558,0.0
1721070900,0.02755102040816836,0.0
1721071800,0.027551020408154152,0.0
1721072700,0.029099639855942876,0.0
1721073600,0.034496732026141785,0.0
1721074500,0.11751282051282885,0.0
1721075400,0.1633538461538393,0.0
1721076300,0.12655000000000882,0.0
1721077200,0.10824999999999818,0.0
1721078100,0.03199999999999647,0.0
1721079000,0.021799999999998928,0.0
1721079900,0.009670588235294977,0.0
1721080800,0.01356644880173973,0.0
1721081700,0.0038888888888948185,0.0
1721082600,0.00424074074074098,0.0
1721083500,0.006333333333337505,0.0
1721084400,0.013200000000004744,0.0
1721085300,0.005674999999996533,0.0
1721086200,0.025574999999996337,0.0
1721087100,0.00841363636364177,0.0
1721088000,0.017250000000004193,0.0
1721088900,0.013428571428562453,0.0
1721089800,0.004071428571421605,0.0
1721090700,0.004277777777787141,0.0
1721091600,0.00917304189435696,0.0
1721092500,0.009590163934419128,0.0
1721093400,0.009590163934433339,0.0
1721094300,0.009590163934419128,0.0
1721095200,0.005612021857928068,0.0
1721096100,0.011666666666670255,0.0
1721097000,0.008307692307695892,0.0
1721097900,0.007136752136744909,0.0
1721098800,0.013923976608197103,0.0
1721099700,0.006917293233072987,0.0
1721100600,0.007089285714286561,0.0
1721101500,0.025624999999990898,0.0
1721102400,0.030000000000001126,0.0
1721103300,0.026000000000010445,0.0
1721104200,0.032888888888891174,0.0
1721105100,0.013311111111107709,0.0
1721106000,0.00405000000000653,0.0
1721106900,0.015499999999988733,0.0
1721107800,0.004249999999998965,0.0
1721108700,0.004499999999993052,0.0
1721109600,0.013884615384625924,0.0
1721110500,0.0068653846153807615,0.0
1721111400,0.004211538461547075,0.0
1721112300,0.012307692307686574,0.0
1721113200,0.00851076923076732,0.0
1721114100,0.019589999999993772,0.0
1721115000,0.019959677419365093,0.0
1721115900,0.013064516129020359,0.0
1721116800,0.012148883374706534,0.0
1721117700,0.014538461538450054,0.0
1721118600,0.010384615384623421,0.0
1721119500,0.010565610859714513,0.0
1721120400,0.005388235294120121,0.0
1721121300,0.008100000000013092,0.0
1721122200,0.008624999999994994,0.0
1721123100,0.00772500000000775,0.0
1721124000,0.005826923076909895,0.0
1721124900,0.005444444444449898,0.0
1721125800,0.010555555555555414,0.0
1721126700,0.009333333333330512,0.0
1721127600,0.008952380952393917,0.0
1721128500,0.023428571428567573,0.0
1721129400,0.02097536945812805,0.0
1721130300,0.025591511936326576,0.0
1721131200,0.03602447552448495,0.0
1721132100,0.006136363636372247,0.0
1721133000,0.008454545454540588,0.0
1721133900,0.012571428571433773,0.0
1721134800,0.00324675324674216,0.0
1721135700,0.008181818181824936,0.0
1721136600,0.01315384615384117,0.0
1721137500,0.00434615384615709,0.0
1721138400,0.01500000000000055,0.0
1721139300,0.005499999999983617,0.0
1721140200,0.005000000000009647,0.0
1721141100,0.012999999999991001,0.0
1721142000,0.007416666666671277,0.0
1721142900,0.005694444444458202,0.0
1721143800,0.01045410628017861,0.0
1721144700,0.01143478260870266,0.0
1721145600,0.009923076923072914,0.0
1721146500,0.011076923076927854,0.0
1721147400,0.003307692307700434,0.0
1721148300,0.011644688644679472,0.0
1721149200,0.007142857142852655,0.0
1721150100,0.005104761904775027,0.0
1721151000,0.01446666666666373,0.0
1721151900,0.008095238095236804,0.0
1721152800,0.009238095238089251,0.0
1721153700,0.017249999999989978,0.0
1721154600,0.005550000000013695,0.0
1721155500,0.042199999999994006,0.0
1721156400,0.04500000000000169,0.0
1721157300,0.03549999999999896,0.0
1721158200,0.04350000000000874,0.0
1721159100,0.01980000000000358,0.0
1721160000,0.012755555555543186,0.0
1721160900,0.01664444444443801,0.0
1721161800,0.016389743589755302,0.0
1721162700,0.010961538461529577,0.0
1721163600,0.008024475524479149,0.0
1721164500,0.006757575757575286,0.0
1721165400,0.025000000000005674,0.0
1721166300,0.02499999999999146,0.0
1721167200,0.025000000000005674,0.0
1721168100,0.024499999999989076,0.0
1721169000,0.01861111111111313,0.0
1721169900,0.012555555555564967,0.0
1721170800,0.005666666666655816,0.0
1721171700,0.016000000000005333,0.0
1721172600,0.0063333333333304,0.0
1721173500,0.009416666666666613,0.0
1721174400,0.013750000000001693,0.0
1721175300,0.00516666666666764,0.0
1721176200,0.012333333333330624,0.0
1721177100,0.008799999999993686,0.0
1721178000,0.006628571428578293,0.0
1721178900,0.015321428571439793,0.0
1721179800,0.005107142857127638,0.0
1721180700,0.009892857142858683,0.0
1721181600,0.011250000000003963,0.0
1721182500,0.005234798007333657,0.0
1721183400,0.03200000000001067,0.0
1721184300,0.027249999999995098,0.0
1721185200,0.025249999999999762,0.0
1721186100,0.03520000000000322,0.0
1721187000,0.011799999999993805,0.0
1721187900,0.010382318578553035,0.0
1721188800,0.01167383252536583,0.0
1721189700,0.005624999999994867,0.0
1721190600,0.011125000000006914,0.0
1721191500,0.009125000000011577,0.0
1721192400,0.0060714285714311535,0.0
1721193300,0.014428571428567233,0.0
1721194200,0.0074999999999860595,0.0
1721195100,0.0073500000000024015,0.0
1721196000,0.011344444444446813,0.0
1721196900,0.004555555555555196,0.0
1721197800,0.01666666666666571,0.0
1721198700,0.02745833333333535,0.0
1721199600,0.03012499999999106,0.0
1721200500,0.03341666666667464,0.0
1721201400,0.024333333333331087,0.0
1721202300,0.00828571428571222,0.0
1721203200,0.010714285714286108,0.0
1721204100,0.02700000000000101,0.0
1721205000,0.017499999999984066,0.0
1721205900,0.01750000000001249,0.0
1721206800,0.021384615384619103,0.0
1721207700,0.011240384615376789,0.0
1721208600,0.013597222222230679,0.0
1721209500,0.010895424836604651,0.0
1721210400,0.008282352941165515,0.0
1721211300,0.010632258064518384,0.0
1721212200,0.007741935483863915,0.0
1721213100,0.008125806451616303,0.0
1721214000,0.012385714285727538,0.0
1721214900,0.00631428571428215,0.0
1721215800,0.012066666666655113,0.0
1721216700,0.019733333333348913,0.0
1721217600,0.011799999999993803,0.0
1721218500,0.01092500000000028,0.0
1721219400,0.01337499999999635,0.0
1721220300,0.010877049180336927,0.0
1721221200,0.01844262295081477,0.0
1721222100,0.01844262295081477,0.0
1721223000,0.018442622950828984,0.0
1721223900,0.020795081967207796,0.0
1721224800,0.02467543859648912,0.0
1721225700,0.017631578947373314,0.0
1721226600,0.0176315789473591,0.0
1721227500,0.017631578947373314,0.0
1721228400,0.014707602339171882,0.0
1721229300,0.0081313131313152,0.0
1721230200,0.008863636363642506,0.0
1721231100,0.008863636363628295,0.0
1721232000,0.009391414141418848,0.0
1721232900,0.009583333333338809,0.0
1721233800,0.008888888888897368,0.0
1721234700,0.004666666666665255,0.0
1721235600,0.013904761904754516,0.0
1721236500,0.006178571428577574,0.0
1721237400,0.006650000000000478,0.0
1721238300,0.02660000000000195,0.0
1721239200,0.023294117647061782,0.0
1721240100,0.030705882352933138,0.0
1721241000,0.02449999999999618,0.0
1721241900,0.020500000000005503,0.0
1721242800,0.02899999999999635,0.0
1721243700,0.020666666666663485,0.0
1721244600,0.02808333333333478,0.0
1721245500,0.024250000000002093,0.0
1721246400,0.02449999999999618,0.0
1721247300,0.030500000000003517,0.0
1721248200,0.02349999999999851,0.0
1721249100,0.032499999999998856,0.0
1721250000,0.025000000000005677,0.0
1721250900,0.022666666666658827,0.0
1721251800,0.032333333333333755,0.0
1721252700,0.018142857142862553,0.0
1721253600,0.008035714285711029,0.0
1721254500,0.010071428571436048,0.0
1721255400,0.011035714285711132,0.0
1721256300,0.005714285714290655,0.0
1721257200,0.01800000000000067,0.0
1721258100,0.008500000000005049,0.0
1721259000,0.012499999999995721,0.0
1721259900,0.0064373267792293635,0.0
1721260800,0.014057049852559395,0.0
1721261700,0.00769743303846361,0.0
1721262600,0.006587816224364468,0.0
1721263500,0.01566666666666093,0.0
1721264400,0.005054130695941488,0.0
1721265300,0.009333333333337619,0.0
1721266200,0.013220797362602144,0.0
1721267100,0.006941594725210677,0.0
1721268000,0.013734798007345823,0.0
1721268900,0.009068131340673457,0.0
1721269800,0.007871060688684747,0.0
1721270700,0.016068131340678457,0.0
1721271600,0.005666666666662922,0.0
1721272500,0.010431303823756578,0.0
1721273400,0.012715651911878569,0.0
1721274300,0.00671565191187834,0.0
1721275200,0.015048832525378395,0.0
1721276100,0.009382165858715461,0.0
1721277000,0.0065999999999988195,0.0
1721277900,0.015899999999994908,0.0
1721278800,0.0072489206505014486,0.0
1721279700,0.008887230162627517,0.0
1721280600,0.012799999999998583,0.0
1721281500,0.005937230162629062,0.0
1721282400,0.030749999999997602,0.0
1721283300,0.030000000000001126,0.0
1721284200,0.02333333333333342,0.0
1721285100,0.03666666666666884,0.0
1721286000,0.006666666666667698,0.0
1721286900,0.008111366886910666,0.0
1721287800,0.016500000000007713,0.0
1721288700,0.007637736654764073,0.0
1721289600,0.009060886971072562,0.0
1721290500,0.014999999999993447,0.0
1721291400,0.00500000000000965,0.0
1721292300,0.013186046511620465,0.0
1721293200,0.015348837209302236,0.0
1721294100,0.015348837209302236,0.0
1721295000,0.016116279069777296,0.0
1721295900,0.007108057891149514,0.0
1721296800,0.005442866876736375,0.0
1721297700,0.01502620021006099,0.0
1721298600,0.004750000000001355,0.0
1721299500,0.009885733753460878,0.0
1721300400,0.013330930582476575,0.0
1721301300,0.006496395873700145,0.0
1721302200,0.0047368421052595925,0.0
1721303100,0.010969040247687174,0.0
1721304000,0.008566844919783973,0.0
1721304900,0.01402272727273156,0.0
1721305800,0.015340909090909337,0.0
1721306700,0.015340909090909337,0.0
1721307600,0.02302272727271769,0.0
1721308500,0.034750000000002494,0.0
1721309400,0.02375000000000681,0.0
1721310300,0.01749999999999829,0.0
1721311200,0.01600000000000533,0.0
1721312100,0.004249999999984747,0.0
1721313000,0.006750000000010898,0.0
1721313900,0.013799999999989139,0.0
1721314800,0.0074000000000040535,0.0
1721315700,0.006799999999998348,0.0
1721316600,0.012666666666675031,0.0
1721317500,0.0077333333333200315,0.0
1721318400,0.00636470588236192,0.0
1721319300,0.026568627450984643,0.0
1721320200,0.03166666666666628,0.0
1721321100,0.0450000000000017,0.0
1721322000,0.020499999999998395,0.0
1721322900,0.016099999999994438,0.0
1721323800,0.012685714285723274,0.0
1721324700,0.010380952380955922,0.0
1721325600,0.007958333333320395,0.0
1721326500,0.009990384615392135,0.0
1721327400,0.013884615384611708,0.0
1721328300,0.009621951219514795,0.0
1721329200,0.012804878048775928,0.0
1721330100,0.012804878048783034,0.0
1721331000,0.022768292682926003,0.0
1721331900,0.025500000000000956,0.0
1721332800,0.02449999999999618,0.0
1721333700,0.05049999999999954,0.0
1721334600,0.03536666666666831,0.0
1721335500,0.03549999999999897,0.0
1721336400,0.04585128205128796,0.0
1721337300,0.04961538461537884,0.0
1721338200,0.025846153846160284,0.0
1721339100,0.030528846153849532,0.0
1721340000,0.047263888888885205,0.0
1721340900,0.04961111111111193,0.0
1721341800,0.029749999999999936,0.0
1721342700,0.01154999999999972,0.0
1721343600,0.0144499999999823,0.0
1721344500,0.00633333333334461,0.0
1721345400,0.00666666666666059,0.0
1721346300,0.012100000000003762,0.0
1721347200,0.005566666666666703,0.0
1721348100,0.013666666666665595,0.0
1721349000,0.0063333333333304,0.0
1721349900,0.01833333333333086,0.0
1721350800,0.03300000000000124,0.0
1721351700,0.025000000000005674,0.0
1721352600,0.03314285714284892,0.0
1721353500,0.017857142857152994,0.0
1721354400,0.006571428571419336,0.0
1721355300,0.011428571428567109,0.0
1721356200,0.005333333333339842,0.0
1721357100,0.00866666666665593,0.0
1721358000,0.010000000000005107,0.0
1721358900,0.010039215686276737,0.0
1721359800,0.010588235294108007,0.0
1721360700,0.010588235294122218,0.0
1721361600,0.010117647058834205,0.0
1721362500,0.010999999999995671,0.0
1721363400,0.0052222222222155605,0.0
1721364300,0.013920634920637543,0.0
1721365200,0.006457142857144037,0.0
1721366100,0.006399999999999279,0.0
1721367000,0.01420000000000242,0.0
1721367900,0.006882253983829715,0.0
1721368800,0.011471986264716955,0.0
1721369700,0.01111063919610567,0.0
1721370600,0.005000000000009647,0.0
1721371500,0.014805319598047257,0.0
1721372400,0.006666666666660589,0.0
1721373300,0.013633333333345361,0.0
1721374200,0.011792677851186255,0.0
1721375100,0.00565202236905493,0.0
1721376000,0.014213267923454027,0.0
1721376900,0.019000000000005447,0.0
1721377800,0.027653846153853568,0.0
1721378700,0.009807692307688843,0.0
1721379600,0.013871794871775468,0.0
1721380500,0.025400000000004738,0.0
1721381400,0.006537500000007401,0.0
1721382300,0.0060624999999987364,0.0
1721383200,0.012749999999996911,0.0
1721384100,0.006900000000001668,0.0
1721385000,0.00900000000000033,0.0
1721385900,0.00900000000000033,0.0
1721386800,0.008999999999986118,0.0
1721387700,0.00900000000000033,0.0
1721388600,0.006888888888880713,0.0
1721389500,0.006034188034192295,0.0
1721390400,0.009615384615386793,0.0
1721391300,0.009615384615372582,0.0
1721392200,0.014346153846162208,0.0
1721393100,0.00749999999999316,0.0
1721394000,0.009827586206895934,0.0
1721394900,0.00957241379310857,0.0
1721395800,0.005600000000001143,0.0
1721396700,0.008615384615382015,0.0
1721397600,0.008076923076927743,0.0
1721398500,0.00927543424317888,0.0
1721399400,0.010645161290327098,0.0
1721400300,0.009229202037346325,0.0
1721401200,0.012631578947363643,0.0
1721402100,0.005435406698566665,0.0
1721403000,0.006090909090900696,0.0
1721403900,0.01615384615385551,0.0
1721404800,0.018912820512809955,0.0
1721405700,0.02649999999999863,0.0
1721406600,0.02743333333334873,0.0
1721407500,0.027400000000000077,0.0
1721408400,0.024907692307678524,0.0
1721409300,0.005737762237771435,0.0
1721410200,0.010227272727277636,0.0
1721411100,0.007838383838375752,0.0
1721412000,0.010055555555553033,0.0
1721412900,0.027833333333340697,0.0
1721413800,0.033400000000000304,0.0
1721414700,0.026599999999994836,0.0
1721415600,0.030666666666675717,0.0
1721416500,0.008376811594203549,0.0
1721417400,0.011206521739126158,0.0
1721418300,0.007223684210529748,0.0
1721419200,0.009526315789472032,0.0
1721420100,0.007499999999993165,0.0
1721421000,0.010454545454550147,0.0
1721421900,0.010795454545444717,0.0
1721422800,0.005850000000009442,0.0
1721423700,0.011399999999994725,0.0
1721424600,0.009705882352946548,0.0
1721425500,0.006588235294103115,0.0
1721426400,0.009183673469394181,0.0
1721427300,0.009183673469379967,0.0
1721428200,0.009183673469394181,0.0
1721429100,0.010448979591842527,0.0
1721430000,0.01090909090909518,0.0
1721430900,0.01610977701544412,0.0
1721431800,0.020660377358481682,0.0
1721432700,0.020660377358495893,0.0
1721433600,0.020660377358481682,0.0
1721434500,0.030909090909091205,0.0
1721435400,0.027272727272730876,0.0
1721436300,0.007490312965714435,0.0
1721437200,0.012677595628417743,0.0
1721438100,0.005338797814218294,0.0
1721439000,0.010081967213110924,0.0
1721439900,0.010081967213110924,0.0
1721440800,0.007500000000007377,0.0
1721441700,0.009900000000001784,0.0
1721442600,0.009599999999991825,0.0
1721443500,0.006100000000003531,0.0
1721444400,0.010500000000007495,0.0
1721445300,0.010499999999993284,0.0
1721446200,0.012900000000001898,0.0
1721447100,0.008399999999994617,0.0
1721448000,0.008314285714291705,0.0
1721448900,0.009642857142850396,0.0
1721449800,0.009642857142864607,0.0
1721450700,0.010400000000004177,0.0
1721451600,0.008494736842095554,0.0
1721452500,0.009473684210533396,0.0
1721453400,0.011337461300314529,0.0
1721454300,0.009151260504197005,0.0
1721455200,0.011142857142857556,0.0
1721456100,0.006857142857143103,0.0
1721457000,0.00745054945053879,0.0
1721457900,0.012692307692304887,0.0
1721458800,0.0047777777777895285,0.0
1721459700,0.012748538011692281,0.0
1721460600,0.013523684210525735,0.0
1721461500,0.011018181818187133,0.0
1721462400,0.014929292929295445,0.0
1721463300,0.022555555555555877,0.0
1721464200,0.021333333333330977,0.0
1721465100,0.03750000000000851,0.0
1721466000,0.016499999999993503,0.0
1721466900,0.009596491228066368,0.0
1721467800,0.008947368421061684,0.0
1721468700,0.00894736842104747,0.0
1721469600,0.008947368421061684,0.0
1721470500,0.008811403508772726,0.0
1721471400,0.008437499999999414,0.0
1721472300,0.008437499999999414,0.0
1721473200,0.008475000000004212,0.0
1721474100,0.012899999999987683,0.0
1721475000,0.007249999999999075,0.0
1721475900,0.005045454545452787,0.0
1721476800,0.01397727272727422,0.0
1721477700,0.01397727272727422,0.0
1721478600,0.021450000000001516,0.0
1721479500,0.028085714285708708,0.0
1721480400,0.023247619047623395,0.0
1721481300,0.004666666666665253,0.0
1721482200,0.011600000000001375,0.0
1721483100,0.008177777777774498,0.0
1721484000,0.004472222222219084,0.0
1721484900,0.013607142857139808,0.0
1721485800,0.007142857142866865,0.0
1721486700,0.010000000000005109,0.0
1721487600,0.010455555555552104,0.0
1721488500,0.008624999999994994,0.0
1721489400,0.008936538461540518,0.0
1721490300,0.01096153846154379,0.0
1721491200,0.0092435897435763,0.0
1721492100,0.00948427672956596,0.0
1721493000,0.01018867924527454,0.0
1721493900,0.010188679245288748,0.0
1721494800,0.010328840970345237,0.0
1721495700,0.009065934065944237,0.0
1721496600,0.008326923076921832,0.0
1721497500,0.01030555555554712,0.0
1721498400,0.008694444444458316,0.0
1721499300,0.008749999999992032,0.0
1721500200,0.010277777777773158,0.0
1721501100,0.00772222222222751,0.0
1721502000,0.009333333333330519,0.0
1721502900,0.011555555555560192,0.0
1721503800,0.0041111111111149365,0.0
1721504700,0.014999999999986338,0.0
1721505600,0.004500000000007263,0.0
1721506500,0.00785294117646628,0.0
1721507400,0.032647058823528134,0.0
1721508300,0.0251999999999981,0.0
1721509200,0.025466666666673618,0.0
1721510100,0.03473333333333527,0.0
1721511000,0.008099999999998877,0.0
1721511900,0.0100000000000051,0.0
1721512800,0.010214285714283712,0.0
1721513700,0.0063766233766244665,0.0
1721514600,0.012709090909083889,0.0
1721515500,0.008200000000002193,0.0
1721516400,0.007499999999993165,0.0
1721517300,0.014500000000012376,0.0
1721518200,0.00399999999999067,0.0
1721519100,0.008750000000006235,0.0
1721520000,0.013249999999999306,0.0
1721520900,0.004800000000003007,0.0
1721521800,0.014200000000002417,0.0
1721522700,0.009222222222220446,0.0
1721523600,0.0051111111111055004,0.0
1721524500,0.014666666666670365,0.0
1721525400,0.006555555555564735,0.0
1721526300,0.00744444444443103,0.0
1721527200,0.013999999999995783,0.0
1721528100,0.00660000000000592,0.0
1721529000,0.006399999999999286,0.0
1721529900,0.014749999999992254,0.0
1721530800,0.00425000000001317,0.0
1721531700,0.01099999999999567,0.0
1721532600,0.010000000000005097,0.0
1721533500,0.004399999999989729,0.0
1721534400,0.013523076923078746,0.0
1721535300,0.012096530920061348,0.0
1721536200,0.008083333333331656,0.0
1721537100,0.006250000000008512,0.0
1721538000,0.014333333333325966,0.0
1721538900,0.006939393939390458,0.0
1721539800,0.00722727272727751,0.0
1721540700,0.01149999999999806,0.0
1721541600,0.009000000000000324,0.0
1721542500,0.005857142857138323,0.0
1721543400,0.015642857142850613,0.0
1721544300,0.004500000000007265,0.0
1721545200,0.006799999999998352,0.0
1721546100,0.014200000000002424,0.0
1721547000,0.0045999999999963735,0.0
1721547900,0.005650000000002806,0.0
1721548800,0.015263267923460454,0.0
1721549700,0.02017993459011981,0.0
1721550600,0.028392156862750532,0.0
1721551500,0.03014117647057901,0.0
1721552400,0.026466666666664182,0.0
1721553300,0.015333333333344955,0.0
1721554200,0.0161494491156255,0.0
1721555100,0.00674999999999669,0.0
1721556000,0.00674999999999669,0.0
1721556900,0.007833333333337565,0.0
1721557800,0.00520512820513373,0.0
1721558700,0.008461538461546052,0.0
1721559600,0.01125000000000397,0.0
1721560500,0.0058749999999889585,0.0
1721561400,0.009500000000002713,0.0
1721562300,0.011474999999990116,0.0
1721563200,0.005500000000012035,0.0
1721564100,0.011399999999994732,0.0
1721565000,0.009749999999996808,0.0
1721565900,0.005250000000003735,0.0
1721566800,0.014500000000012376,0.0
1721567700,0.006499999999988387,0.0
1721568600,0.005615384615396108,0.0
1721569500,0.01187167918655045,0.0
1721570400,0.011518518518514036,0.0
1721571300,0.009444444444440587,0.0
1721572200,0.009444444444440587,0.0
1721573100,0.008525925925937365,0.0
1721574000,0.010399999999989955,0.0
1721574900,0.007500000000007377,0.0
1721575800,0.01161111111110812,0.0
1721576700,0.01051388888889448,0.0
1721577600,0.005041666666656385,0.0
1721578500,0.010964912280698498,0.0
1721579400,0.01390688259110105,0.0
1721580300,0.013846153846159833,0.0
1721581200,0.011240384615376789,0.0
1721582100,0.005660714285710345,0.0
1721583000,0.008114285714285062,0.0
1721583900,0.013155555555570677,0.0
1721584800,0.005444444444435693,0.0
1721585700,0.016999999999995893,0.0
1721586600,0.004857142857147762,0.0
1721587500,0.008698412698407753,0.0
1721588400,0.013069444444440121,0.0
1721589300,0.004375000000010217,0.0
1721590200,0.009285714285724106,0.0
1721591100,0.009714285714281335,0.0
1721592000,0.010692307692309548,0.0
1721592900,0.029365384615374513,0.0
1721593800,0.02558333333332995,0.0
1721594700,0.020743423357419247,0.0
1721595600,0.014333333333325966,0.0
1721596500,0.012567147324491306,0.0
1721597400,0.010751201644600321,0.0
1721598300,0.01572727272727546,0.0
1721599200,0.012272727272730306,0.0
1721600100,0.012732058723904944,0.0
1721601000,0.01139872539055577,0.0
1721601900,0.0074314214191800515,0.0
1721602800,0.014249999999989866,0.0
1721603700,0.008291320225129564,0.0
1721604600,0.012264957264946466,0.0
1721605500,0.010384615384623421,0.0
1721606400,0.01038461538460921,0.0
1721607300,0.010384615384623421,0.0
1721608200,0.009247863247864526,0.0
1721609100,0.009253968253972284,0.0
1721610000,0.009285714285709894,0.0
1721610900,0.009285714285709894,0.0
1721611800,0.009695970695972266,0.0
1721612700,0.012115384615384516,0.0
1721613600,0.00830769230769589,0.0
1721614500,0.009749999999996808,0.0
1721615400,0.009749999999996808,0.0
1721616300,0.006176470588243875,0.0
1721617200,0.013490196078421933,0.0
1721618100,0.007696969696979733,0.0
1721619000,0.0053863636363615615,0.0
1721619900,0.015138888888884584,0.0
1721620800,0.006111111111124485,0.0
1721621700,0.005599999999986932,0.0
1721622600,0.016649999999998485,0.0
1721623500,0.005250000000003735,0.0
1721624400,0.007500000000007375,0.0
1721625300,0.011499999999998052,0.0
1721626200,0.015065217391295956,0.0
1721627100,0.020134782608693055,0.0
1721628000,0.0288749999999993,0.0
1721628900,0.028875000000013515,0.0
1721629800,0.026121428571414626,0.0
1721630700,0.01624675324674739,0.0
1721631600,0.004181818181834265,0.0
1721632500,0.009692307692304763,0.0
1721633400,0.011307692307681796,0.0
1721634300,0.004750000000015565,0.0
1721635200,0.007701612903218787,0.0
1721636100,0.009193548387102606,0.0
1721637000,0.009662531017369231,0.0
1721637900,0.011263736263728666,0.0
1721638800,0.008428571428566995,0.0
1721639700,0.005857142857152533,0.0
1721640600,0.010966386554628095,0.0
1721641500,0.010176470588220337,0.0
1721642400,0.006222222222234549,0.0
1721643300,0.026027777777770204,0.0
1721644200,0.013750000000001695,0.0
1721645100,0.023499999999998515,0.0
1721646000,0.013500000000007601,0.0
1721646900,0.005142857142857322,0.0
1721647800,0.009164835164838781,0.0
1721648700,0.010958974358970855,0.0
1721649600,0.004483333333325831,0.0
1721650500,0.008250000000003851,0.0
1721651400,0.019999999999996014,0.0
1721652300,0.010000000000005104,0.0
1721653200,0.030461538461537426,0.0
1721654100,0.03853846153846518,0.0
1721655000,0.02815384615384174,0.0
1721655900,0.034846153846146415,0.0
1721656800,0.02649999999999863,0.0
1721657700,0.009000000000000325,0.0
1721658600,0.01696111857695125,0.0
1721659500,0.03233333333332665,0.0
1721660400,0.028666666666666164,0.0
1721661300,0.023666666666670708,0.0
1721662200,0.036333333333331545,0.0
1721663100,0.009877658133579277,0.0
1721664000,0.013214937835417906,0.0
1721664900,0.012214937835398919,0.0
1721665800,0.012471105281330027,0.0
1721666700,0.00513636363638169,0.0
1721667600,0.013499999999993385,0.0
1721668500,0.008333333333339948,0.0
1721669400,0.004999999999995435,0.0
1721670300,0.029066666666665228,0.0
1721671200,0.12839999999999918,0.0
1721672100,0.147199999999998,0.0
1721673000,0.13554545454545064,0.0
1721673900,0.0415909090909139,0.0
1721674800,0.036244588744594346,0.0
1721675700,0.03050995670994893,0.0
1721676600,0.02209090909090605,0.0
1721677500,0.02209090909092026,0.0
1721678400,0.02209090909090605,0.0
1721679300,0.028913286713276417,0.0
1721680200,0.03314529914530339,0.0
1721681100,0.055130718954245574,0.0
1721682000,0.058647058823538586,0.0
1721682900,0.04699999999999703,0.0
1721683800,0.027633333333341167,0.0
1721684700,0.009670588235294977,0.0
1721685600,0.01356644880173973,0.0
1721686500,0.0038888888888948185,0.0
1721687400,0.00424074074074098,0.0
1721688300,0.006333333333337505,0.0
1721689200,0.014032258064510455,0.0
1721690100,0.010161290322585599,0.0
1721691000,0.01015260545905504,0.0
1721691900,0.010096153846149026,0.0
1721692800,0.010096153846149026,0.0
1721693700,0.010096153846163239,0.0
1721694600,0.006365384615392587,0.0
1721695500,0.007888888888885488,0.0
1721696400,0.014396825396815405,0.0
1721697300,0.005714285714290652,0.0
1721698200,0.00899999999998611,0.0
1721699100,0.013000000000005209,0.0
1721700000,0.005470588235297653,0.0
1721700900,0.011029411764710046,0.0
1721701800,0.012500000000002832,0.0
1721702700,0.005499999999997822,0.0
1721703600,0.012500000000002832,0.0
1721704500,0.009249999999994417,0.0
1721705400,0.004607142857139465,0.0
1721706300,0.011726190476196042,0.0
1721707200,0.009750000000011017,0.0
1721708100,0.0043809523809414785,0.0
1721709000,0.015285714285710116,0.0
1721709900,0.024000000000000896,0.0
1721710800,0.024500000000003283,0.0
1721711700,0.03249999999999884,0.0
1721712600,0.01874999999999714,0.0
1721713500,0.01875000000001135,0.0
1721714400,0.013636363636351227,0.0
1721715300,0.009663636363640645,0.0
1721716200,0.005199999999987864,0.0
1721717100,0.013666666666679808,0.0
1721718000,0.007666666666665365,0.0
1721718900,0.004416666666671159,0.0
1721719800,0.011019230769221615,0.0
1721720700,0.009830769230774188,0.0
1721721600,0.007400000000004058,0.0
1721722500,0.015128205128192447,0.0
1721723400,0.010384615384623421,0.0
1721724300,0.010565610859714513,0.0
1721725200,0.005388235294120121,0.0
1721726100,0.008100000000013092,0.0
1721727000,0.008624999999994994,0.0
1721727900,0.00772500000000775,0.0
1721728800,0.005826923076909895,0.0
1721729700,0.005444444444449898,0.0
1721730600,0.010555555555555414,0.0
1721731500,0.004733333333348337,0.0
1721732400,0.007266666666666292,0.0
1721733300,0.012399999999999512,0.0
1721734200,0.0048499999999904566,0.0
1721735100,0.007596153846151297,0.0
1721736000,0.01096153846154379,0.0
1721736900,0.012601398601418618,0.0
1721737800,0.008454545454540588,0.0
1721738700,0.012571428571433773,0.0
1721739600,0.00324675324674216,0.0
1721740500,0.008181818181824936,0.0
1721741400,0.01315384615384117,0.0
1721742300,0.0057884615384580064,0.0
1721743200,0.011250000000003967,0.0
1721744100,0.008055555555557682,0.0
1721745000,0.0038290598290586617,0.0
1721745900,0.01224696356274534,0.0
1721746800,0.00836842105263712,0.0
1721747700,0.004888888888885381,0.0
1721748600,0.014333333333340182,0.0
1721749500,0.007177777777783928,0.0
1721750400,0.007171428571425043,0.0
1721751300,0.01292857142856006,0.0
1721752200,0.006772727272746681,0.0
1721753100,0.00650505050504079,0.0
1721754000,0.013972222222221818,0.0
1721754900,0.003750000000010788,0.0
1721755800,0.009059999999990947,0.0
1721756700,0.011399999999994725,0.0
1721757600,0.00624000000000534,0.0
1721758500,0.013999999999995775,0.0
1721759400,0.007800000000003123,0.0
1721760300,0.004750000000001345,0.0
1721761200,0.014750000000006477,0.0
1721762100,0.0060000000000002135,0.0
1721763000,0.01626923076922536,0.0
1721763900,0.020087912087902268,0.0
1721764800,0.021428571428572227,0.0
1721765700,0.021428571428572227,0.0
1721766600,0.036535714285719216,0.0
1721767500,0.06114999999999781,0.0
1721768400,0.05160000000000763,0.0
1721769300,0.04399999999999692,0.0
1721770200,0.02811111111110164,0.0
1721771100,0.015833333333347348,0.0
1721772000,0.032388888888888794,0.0
1721772900,0.024499999999989076,0.0
1721773800,0.01861111111111313,0.0
1721774700,0.012555555555564967,0.0
1721775600,0.005666666666655816,0.0
1721776500,0.016000000000005333,0.0
1721777400,0.0063333333333304,0.0
1721778300,0.009416666666666613,0.0
1721779200,0.013821428571432638,0.0
1721780100,0.010714285714271897,0.0
1721781000,0.01171428571429088,0.0
1721781900,0.008799999999993686,0.0
1721782800,0.006628571428578293,0.0
1721783700,0.015321428571439793,0.0
1721784600,0.005107142857127638,0.0
1721785500,0.009892857142858683,0.0
1721786400,0.011250000000003963,0.0
1721787300,0.006200000000006852,0.0
1721788200,0.00900000000000033,0.0
1721789100,0.00900000000000033,0.0
1721790000,0.025249999999999762,0.0
1721790900,0.03520000000000322,0.0
1721791800,0.011799999999993805,0.0
1721792700,0.010382318578553035,0.0
1721793600,0.01167383252536583,0.0
1721794500,0.005624999999994867,0.0
1721795400,0.011125000000006914,0.0
1721796300,0.009125000000011577,0.0
1721797200,0.0060714285714311535,0.0
1721798100,0.014428571428567233,0.0
1721799000,0.0074999999999860595,0.0
1721799900,0.0073500000000024015,0.0
1721800800,0.011344444444446813,0.0
1721801700,0.004555555555555196,0.0
1721802600,0.01666666666666571,0.0
1721803500,0.02745833333333535,0.0
1721804400,0.03012499999999106,0.0
1721805300,0.03341666666667464,0.0
1721806200,0.024333333333331087,0.0
1721807100,0.00828571428571222,0.0
1721808000,0.013754089484655249,0.0
1721808900,0.02902653584691377,0.0
1721809800,0.017499999999984066,0.0
1721810700,0.01750000000001249,0.0
1721811600,0.021384615384619103,0.0
1721812500,0.011240384615376789,0.0
1721813400,0.013259259259257295,0.0
1721814300,0.015555555555565086,0.0
1721815200,0.014785185185175447,0.0
1721816100,0.010632258064518384,0.0
1721817000,0.007741935483863915,0.0
1721817900,0.008125806451616303,0.0
1721818800,0.012385714285727538,0.0
1721819700,0.00631428571428215,0.0
1721820600,0.007717460317465442,0.0
1721821500,0.01557142857141968,0.0
1721822400,0.024399999999999963,0.0
1721823300,0.028600000000011498,0.0
1721824200,0.03128571428571547,0.0
1721825100,0.03128571428570126,0.0
1721826000,0.02336974789916723,0.0
1721826900,0.01905882352940579,0.0
1721827800,0.01071428571428611,0.0
1721828700,0.01071428571428611,0.0
1721829600,0.010446428571427175,0.0
1721830500,0.007791666666676617,0.0
1721831400,0.009999999999990895,0.0
1721832300,0.010000000000005107,0.0
1721833200,0.005333333333325633,0.0
1721834100,0.008250000000003853,0.0
1721835000,0.01332142857143025,0.0
1721835900,0.004505494505494295,0.0
1721836800,0.01958974358973363,0.0
1721837700,0.01790476190477363,0.0
1721838600,0.008428571428566995,0.0
1721839500,0.01800000000000068,0.0
1721840400,0.005800000000007783,0.0
1721841300,0.008866666666662566,0.0
1721842200,0.012708333333335974,0.0
1721843100,0.005291666666664679,0.0
1721844000,0.014133333333333543,0.0
1721844900,0.018199999999993097,0.0
1721845800,0.01200000000000044,0.0
1721846700,0.025666666666666046,0.0
1721847600,0.0803333333333427,0.0
1721848500,0.04999999999999715,0.0
1721849400,0.033250000000009536,0.0
1721850300,0.04199999999998737,0.0
1721851200,0.04274999999999806,0.0
1721852100,0.05216666666666469,0.0
1721853000,0.05563333333333275,0.0
1721853900,0.04895000000001913,0.0
1721854800,0.049049999999979825,0.0
1721855700,0.026200000000002874,0.0
1721856600,0.009000000000000332,0.0
1721857500,0.010666666666679687,0.0
1721858400,0.004833333333323238,0.0
1721859300,0.014499999999998164,0.0
1721860200,0.006749999999996688,0.0
1721861100,0.005250000000017947,0.0
1721862000,0.015500000000002937,0.0
1721862900,0.006499999999988388,0.0
1721863800,0.006499999999988392,0.0
1721864700,0.015100000000003869,0.0
1721865600,0.0048000000000030085,0.0
1721866500,0.01184999999999546,0.0
1721867400,0.010249999999999194,0.0
1721868300,0.005250000000017947,0.0
1721869200,0.014249999999989866,0.0
1721870100,0.007199999999997417,0.0
1721871000,0.005800000000007787,0.0
1721871900,0.016999999999995897,0.0
1721872800,0.004800000000003013,0.0
1721873700,0.0061999999999926385,0.0
1721874600,0.013666666666665588,0.0
1721875500,0.00547619047618751,0.0
1721876400,0.0070571428571497416,0.0
1721877300,0.013133333333328761,0.0
1721878200,0.005266666666670955,0.0
1721879100,0.011066666666664544,0.0
1721880000,0.03183333333332426,0.0
1721880900,0.02350000000001272,0.0
1721881800,0.030999999999991687,0.0
1721882700,0.03133333333333609,0.0
1721883600,0.00646666666666816,0.0
1721884500,0.012200000000007082,0.0
1721885400,0.008499999999997938,0.0
1721886300,0.004499999999993052,0.0
1721887200,0.013999999999995783,0.0
1721888100,0.006333333333344615,0.0
1721889000,0.005666666666670026,0.0
1721889900,0.015249999999994638,0.0
1721890800,0.00475000000000135,0.0
1721891700,0.006500000000002598,0.0
1721892600,0.014499999999998165,0.0
1721893500,0.005333333333325627,0.0
1721894400,0.008809523809532026,0.0
1721895300,0.011857142857138559,0.0
1721896200,0.0054999999999978295,0.0
1721897100,0.012500000000002833,0.0
1721898000,0.00799999999999555,0.0
1721898900,0.004999999999995441,0.0
1721899800,0.019000000000005443,0.0
1721900700,0.01175000000000635,0.0
1721901600,0.013249999999999306,0.0
1721902500,0.021000000000000782,0.0
1721903400,0.007333333333320965,0.0
1721904300,0.01000000000001931,0.0
1721905200,0.015166666666658545,0.0
1721906100,0.013071428571421946,0.0
1721907000,0.032628571428574546,0.0
1721907900,0.024716666666677142,0.0
1721908800,0.033698717948709586,0.0
1721909700,0.03025961538460819,0.0
1721910600,0.009982142857154468,0.0
1721911500,0.005142857142857325,0.0
1721912400,0.014333333333325966,0.0
1721913300,0.005666666666670025,0.0
1721914200,0.010499999999993275,0.0
1721915100,0.020166666666668207,0.0
1721916000,0.015047619047621186,0.0
1721916900,0.080174603174612,0.0
1721917800,0.20577777777776873,0.0
1721918700,0.01666666666666571,0.0
1721919600,0.010426666666660356,0.0
1721920500,0.010800000000003241,0.0
1721921400,0.00944000000001209,0.0
1721922300,0.020199999999988436,0.0
1721923200,0.012300000000010398,0.0
1721924100,0.017899999999997352,0.0
1721925000,0.012599999999991935,0.0
1721925900,0.014000000000009989,0.0
1721926800,0.01633333333332131,0.0
1721927700,0.010000000000019318,0.0
1721928600,0.013866666666658018,0.0
1721929500,0.014142857142857663,0.0
1721930400,0.011057142857140422,0.0
1721931300,0.01996363636362729,0.0
1721932200,0.013636363636365436,0.0
1721933100,0.01700000000001011,0.0
1721934000,0.03607692307691934,0.0
1721934900,0.03369230769230568,0.0
1721935800,0.03783076923076577,0.0
1721936700,0.07525714285715422,0.0
1721937600,0.09721978021977407,0.0
1721938500,0.05414258911820013,0.0
1721939400,0.031097560975609874,0.0
1721940300,0.031097560975609874,0.0
1721941200,0.035585365853663106,0.0
1721942100,0.026285714285705794,0.0
1721943000,0.027214285714279626,0.0
1721943900,0.027250000000009312,0.0
1721944800,0.023250000000004423,0.0
1721945700,0.03239999999999554,0.0
1721946600,0.025000000000005674,0.0
1721947500,0.024725000000003647,0.0
1721948400,0.030160714285713642,0.0
1721949300,0.02371428571427713,0.0
1721950200,0.02920000000000299,0.0
1721951100,0.017133333333333653,0.0
1721952000,0.00866666666665593,0.0
1721952900,0.012000000000000443,0.0
1721953800,0.00450000000000726,0.0
1721954700,0.014000000000009989,0.0
1721955600,0.00674999999998248,0.0
1721956500,0.004750000000001351,0.0
1721957400,0.014333333333340177,0.0
1721958300,0.004999999999995435,0.0
1721959200,0.00566666666667003,0.0
1721960100,0.013249999999999307,0.0
1721961000,0.004178571428568019,0.0
1721961900,0.008571428571428888,0.0
1721962800,0.028666666666666164,0.0
1721963700,0.024761904761902532,0.0
1721964600,0.033071428571432186,0.0
1721965500,0.026277777777778503,0.0
1721966400,0.012365079365082453,0.0
1721967300,0.01385714285713389,0.0
1721968200,0.005250000000017949,0.0
1721969100,0.006749999999996685,0.0
1721970000,0.013999999999995776,0.0
1721970900,0.003999999999990666,0.0
1721971800,0.010000000000005104,0.0
1721972700,0.009249999999994412,0.0
1721973600,0.004750000000001351,0.0
1721974500,0.014000000000009989,0.0
1721975400,0.007666666666665365,0.0
1721976300,0.00483333333332324,0.0
1721977200,0.014900000000011442,0.0
1721978100,0.005600000000001148,0.0
1721979000,0.007999999999995549,0.0
1721979900,0.011333333333340063,0.0
1721980800,0.00466666666666525,0.0
1721981700,0.01200000000000044,0.0
1721982600,0.005399999999994506,0.0
1721983500,0.005349999999992847,0.0
1721984400,0.013678571428570747,0.0
1721985300,0.00457142857143821,0.0
1721986200,0.008769230769232184,0.0
1721987100,0.009230769230768477,0.0
1721988000,0.010199999999997534,0.0
1721988900,0.01649999999999351,0.0
1721989800,0.015300000000010519,0.0
1721990700,0.021999999999991353,0.0
1721991600,0.031415094339621405,0.0
1721992500,0.02235849056604876,0.0
1721993400,0.02235849056603455,0.0
1721994300,0.021140651801033517,0.0
1721995200,0.003727272727260805,0.0
1721996100,0.010178571428568244,0.0
1721997000,0.009821428571427744,0.0
1721997900,0.009387096774190687,0.0
1721998800,0.00967741935484411,0.0
1721999700,0.008480938416425934,0.0
1722000600,0.011454545454540714,0.0
1722001500,0.005555555555559966,0.0
1722002400,0.00962091503267003,0.0
1722003300,0.011537815126061434,0.0
1722004200,0.003937888198748842,0.0
1722005100,0.01434782608696138,0.0
1722006000,0.005000000000009657,0.0
1722006900,0.009545454545445848,0.0
1722007800,0.010954545454538316,0.0
1722008700,0.004750000000015557,0.0
1722009600,0.007826923076919444,0.0
1722010500,0.008846153846150163,0.0
1722011400,0.010076923076923082,0.0
1722012300,0.012000000000000436,0.0
1722013200,0.00449999999999305,0.0
1722014100,0.01038235294119259,0.0
1722015000,0.008784313725485032,0.0
1722015900,0.004111111111100728,0.0
1722016800,0.011972222222226481,0.0
1722017700,0.011678571428575415,0.0
1722018600,0.032571428571429785,0.0
1722019500,0.024153846153851074,0.0
1722020400,0.025846153846146077,0.0
1722021300,0.031499999999994074,0.0
1722022200,0.009071428571431268,0.0
1722023100,0.010974025974036282,0.0
1722024000,0.006069930069926943,0.0
1722024900,0.006384615384618525,0.0
1722025800,0.011399999999994736,0.0
1722026700,0.006474999999994661,0.0
1722027600,0.011817307692311362,0.0
1722028500,0.007000000000004989,0.0
1722029400,0.01030769230769123,0.0
1722030300,0.00999999999999089,0.0
1722031200,0.005600000000001142,0.0
1722032100,0.014650000000003145,0.0
1722033000,0.00508333333333154,0.0
1722033900,0.011541666666673207,0.0
1722034800,0.008724999999998302,0.0
1722035700,0.0053999999999945055,0.0
1722036600,0.014800000000008128,0.0
1722037500,0.005324999999999119,0.0
1722038400,0.011124999999992708,0.0
1722039300,0.007550000000009035,0.0
1722040200,0.005200000000002077,0.0
1722041100,0.01349999999999339,0.0
1722042000,0.0043888888888829886,0.0
1722042900,0.007449908925337909,0.0
1722043800,0.010081967213110924,0.0
1722044700,0.010081967213110924,0.0
1722045600,0.007500000000007377,0.0
1722046500,0.009900000000001784,0.0
1722047400,0.009599999999991825,0.0
1722048300,0.006100000000003531,0.0
1722049200,0.010500000000007495,0.0
1722050100,0.010499999999993284,0.0
1722051000,0.012900000000001898,0.0
1722051900,0.011999999999986227,0.0
1722052800,0.01057142857142422,0.0
1722053700,0.009642857142850396,0.0
1722054600,0.009642857142864607,0.0
1722055500,0.010400000000004177,0.0
1722056400,0.008494736842095554,0.0
1722057300,0.009473684210533396,0.0
1722058200,0.011337461300314529,0.0
1722059100,0.009151260504197005,0.0
1722060000,0.011142857142857556,0.0
1722060900,0.006857142857143103,0.0
1722061800,0.00689536550405022,0.0
1722062700,0.007826086956526961,0.0
1722063600,0.00782608695651275,0.0
1722064500,0.007826086956526961,0.0
1722065400,0.008846153846150163,0.0
1722066300,0.008846153846150163,0.0
1722067200,0.00830769230769589,0.0
1722068100,0.007500000000007377,0.0
1722069000,0.00833333333332574,0.0
1722069900,0.01062500000000453,0.0
1722070800,0.007541666666668317,0.0
1722071700,0.014116279069753528,0.0
1722072600,0.008372093023254467,0.0
1722073500,0.00837209302326868,0.0
1722074400,0.008525499795993584,0.0
1722075300,0.008811403508772726,0.0
1722076200,0.008437499999999414,0.0
1722077100,0.008437499999999414,0.0
1722078000,0.008475000000004212,0.0
1722078900,0.012899999999987683,0.0
1722079800,0.009323529411773264,0.0
1722080700,0.010588235294108007,0.0
1722081600,0.010588235294122218,0.0
1722082500,0.010588235294122218,0.0
1722083400,0.009083895853422053,0.0
1722084300,0.008852459016395631,0.0
1722085200,0.008852459016395631,0.0
1722086100,0.00885245901638142,0.0
1722087000,0.008570491803283163,0.0
1722087900,0.006866666666667232,0.0
1722088800,0.009999999999990895,0.0
1722089700,0.006583333333338698,0.0
1722090600,0.006464285714287121,0.0
1722091500,0.010000000000005109,0.0
1722092400,0.010455555555552104,0.0
1722093300,0.008624999999994994,0.0
1722094200,0.008936538461540518,0.0
1722095100,0.01489316239316451,0.0
1722096000,0.009735042735030666,0.0
1722096900,0.00948427672956596,0.0
1722097800,0.01018867924527454,0.0
1722098700,0.010188679245288748,0.0
1722099600,0.010328840970345237,0.0
1722100500,0.009065934065944237,0.0
1722101400,0.008326923076921832,0.0
1722102300,0.005840909090906611,0.0
1722103200,0.014316498316489394,0.0
1722104100,0.024444444444455364,0.0
1722105000,0.0343019943019982,0.0
1722105900,0.026904977375565402,0.0
1722106800,0.021176470588230235,0.0
1722107700,0.020687782805424593,0.0
1722108600,0.0047435897435974365,0.0
1722109500,0.009888888888895041,0.0
1722110400,0.010863799283143282,0.0
1722111300,0.010161290322585599,0.0
1722112200,0.007066413662244018,0.0
1722113100,0.0062659846547319245,0.0
1722114000,0.011739130434776241,0.0
1722114900,0.008979405034324364,0.0
1722115800,0.008289473684214945,0.0
1722116700,0.007078947368412959,0.0
1722117600,0.014333333333340182,0.0
1722118500,0.004222222222225,0.0
1722119400,0.00744444444443103,0.0
1722120300,0.01020000000001174,0.0
1722121200,0.009133333333323881,0.0
1722122100,0.009000000000000332,0.0
1722123000,0.005666666666670023,0.0
1722123900,0.013333333333335402,0.0
1722124800,0.004999999999995435,0.0
1722125700,0.0096666666666607,0.0
1722126600,0.00733333333334939,0.0
1722127500,0.011128205128201778,0.0
1722128400,0.008238461538468285,0.0
1722129300,0.005099999999984543,0.0
1722130200,0.012000000000000444,0.0
1722131100,0.0160461538461618,0.0
1722132000,0.024725274725270183,0.0
1722132900,0.0247142857142819,0.0
1722133800,0.03242016806723312,0.0
1722134700,0.024294117647059455,0.0
1722135600,0.02039999999999508,0.0
1722136500,0.006266666666661518,0.0
1722137400,0.006444444444454675,0.0
1722138300,0.01425252525251606,0.0
1722139200,0.0060000000000002135,0.0
1722140100,0.013136363636363045,0.0
1722141000,0.005500000000012041,0.0
1722141900,0.013714285714286218,0.0
1722142800,0.0052857142857049965,0.0
1722143700,0.009749999999996801,0.0
1722144600,0.009250000000008628,0.0
1722145500,0.009000000000000322,0.0
1722146400,0.010000000000005099,0.0
1722147300,0.00600000000000021,0.0
1722148200,0.012923076923073032,0.0
1722149100,0.008934065934056417,0.0
1722150000,0.01071428571428611,0.0
1722150900,0.005761904761911281,0.0
1722151800,0.008866666666662571,0.0
1722152700,0.008688888888883627,0.0
1722153600,0.006539682539681726,0.0
1722154500,0.012238095238103581,0.0
1722155400,0.005333333333339833,0.0
1722156300,0.013399999999990078,0.0
1722157200,0.005099999999998755,0.0
1722158100,0.011750000000006347,0.0
1722159000,0.007950000000008105,0.0
1722159900,0.006799999999998348,0.0
1722160800,0.012249999999994533,0.0
1722161700,0.014349999999993191,0.0
1722162600,0.03240000000000975,0.0
1722163500,0.023749999999992596,0.0
1722164400,0.0307499999999976,0.0
1722165300,0.025500000000008058,0.0
1722166200,0.011083333333331773,0.0
1722167100,0.008059523809521341,0.0
1722168000,0.008107142857141963,0.0
1722168900,0.010750000000001574,0.0
1722169800,0.005200000000002075,0.0
1722170700,0.013800000000003353,0.0
1722171600,0.005399999999994504,0.0
1722172500,0.013599999999996715,0.0
1722173400,0.0054999999999978235,0.0
1722174300,0.010875000000012831,0.0
1722175200,0.00784722222222455,0.0
1722176100,0.009027777777774294,0.0
1722177000,0.009749999999982594,0.0
1722177900,0.0055000000000120395,0.0
1722178800,0.013300000000000966,0.0
1722179700,0.004199999999997301,0.0
1722180600,0.01322222222222534,0.0
1722181500,0.005777777777780087,0.0
1722182400,0.01200000000000044,0.0
1722183300,0.006599999999991709,0.0
1722184200,0.007955555555554371,0.0
1722185100,0.009222222222234667,0.0
1722186000,0.007650793650782345,0.0
1722186900,0.011142857142857544,0.0
1722187800,0.005428571428581092,0.0
1722188700,0.013799999999989137,0.0
1722189600,0.004950000000007987,0.0
1722190500,0.030249999999995215,0.0
1722191400,0.025000000000005674,0.0
1722192300,0.02899999999999635,0.0
1722193200,0.028666666666666167,0.0
1722194100,0.016083333333327218,0.0
1722195000,0.011250000000003963,0.0
1722195900,0.006000000000000216,0.0
1722196800,0.013000000000005214,0.0
1722197700,0.0049999999999954395,0.0
1722198600,0.015000000000000551,0.0
1722199500,0.005333333333325627,0.0
1722200400,0.01141666666667616,0.0
1722201300,0.007583333333329262,0.0
1722202200,0.010166666666677305,0.0
1722203100,0.008499999999997938,0.0
1722204000,0.007999999999995556,0.0
1722204900,0.01200000000000044,0.0
1722205800,0.0063333333333304015,0.0
1722206700,0.01233333333333063,0.0
1722207600,0.005583333333333923,0.0
1722208500,0.013150000000010197,0.0
1722209400,0.004742857142844045,0.0
1722210300,0.01019047619048762,0.0
1722211200,0.008466666666663503,0.0
1722212100,0.006018181818177467,0.0
1722213000,0.010681818181822662,0.0
1722213900,0.005499999999997822,0.0
1722214800,0.013374999999996346,0.0
1722215700,0.004458333333332105,0.0
1722216600,0.012666666666675033,0.0
1722217500,0.006499999999988388,0.0
1722218400,0.008625000000009193,0.0
1722219300,0.011819444444441263,0.0
1722220200,0.02618055555555542,0.0
1722221100,0.03277500000000087,0.0
1722222000,0.02559999999999717,0.0
1722222900,0.033000000000001244,0.0
1722223800,0.0066666666666747995,0.0
1722224700,0.010999999999995668,0.0
1722225600,0.008904761904759062,0.0
1722226500,0.006928571428574045,0.0
1722227400,0.010750000000001573,0.0
1722228300,0.004750000000001347,0.0
1722229200,0.012857142857143327,0.0
1722230100,0.005642857142845499,0.0
1722231000,0.012500000000002832,0.0
1722231900,0.006000000000000212,0.0
1722232800,0.009000000000000325,0.0
1722233700,0.009250000000008625,0.0
1722234600,0.005549999999999485,0.0
1722235500,0.012599999999991934,0.0
1722236400,0.004199999999997305,0.0
1722237300,0.013199999999997642,0.0
1722238200,0.00469999999999969,0.0
1722239100,0.009500000000002716,0.0
1722240000,0.009500000000002711,0.0
1722240900,0.005900000000011105,0.0
1722241800,0.012599999999991935,0.0
1722242700,0.004499999999993055,0.0
1722243600,0.010900000000006562,0.0
1722244500,0.00809999999999887,0.0
1722245400,0.009500000000002716,0.0
1722246300,0.01149999999999805,0.0
1722247200,0.015100000000003876,0.0
1722248100,0.03468571428571464,0.0
1722249000,0.02571428571428667,0.0
1722249900,0.03285714285713935,0.0
1722250800,0.018309523809520542,0.0
1722251700,0.011547619047618685,0.0
1722252600,0.006785714285712155,0.0
1722253500,0.007099999999994094,0.0
1722254400,0.012600000000006143,0.0
1722255300,0.003911111111122508,0.0
1722256200,0.015111111111096408,0.0
1722257100,0.00377777777778475,0.0
1722258000,0.009749999999996806,0.0
1722258900,0.008450000000010486,0.0
1722259800,0.00851428571426992,0.0
1722260700,0.010285714285728874,0.0
1722261600,0.005399999999994508,0.0
1722262500,0.011933333333331565,0.0
1722263400,0.0043333333333350635,0.0
1722264300,0.01347619047619729,0.0
1722265200,0.004523809523803368,0.0
1722266100,0.012666666666660819,0.0
1722267000,0.005416666666661728,0.0
1722267900,0.0102500000000134,0.0
1722268800,0.007285714285700336,0.0
1722269700,0.00691428571430207,0.0
1722270600,0.011199999999988098,0.0
1722271500,0.005099999999998755,0.0
1722272400,0.013500000000007607,0.0
1722273300,0.007000000000004988,0.0
1722274200,0.03300000000000124,0.0
1722275100,0.02071428571427702,0.0
1722276000,0.026952380952380384,0.0
1722276900,0.03076190476190276,0.0
1722277800,0.017071428571426836,0.0
1722278700,0.010500000000007493,0.0
1722279600,0.0040000000000048755,0.0
1722280500,0.014750000000006463,0.0
1722281400,0.0052499999999895235,0.0
1722282300,0.014000000000009994,0.0
1722283200,0.0049999999999812235,0.0
1722284100,0.011333333333340061,0.0
1722285000,0.006666666666660587,0.0
1722285900,0.006750000000010898,0.0
1722286800,0.010613636363629535,0.0
1722287700,0.005636363636369867,0.0
1722288600,0.012749999999996918,0.0
1722289500,0.004249999999998962,0.0
1722290400,0.014499999999998172,0.0
1722291300,0.004000000000004873,0.0
1722292200,0.013000000000005214,0.0
1722293100,0.005499999999997825,0.0
1722294000,0.009500000000002713,0.0
1722294900,0.008200000000002188,0.0
1722295800,0.006699999999980821,0.0
1722296700,0.01234999999999785,0.0
1722297600,0.005250000000017947,0.0
1722298500,0.01333333333332119,0.0
1722299400,0.0051666666666676415,0.0
1722300300,0.012500000000002827,0.0
1722301200,0.009000000000000322,0.0
1722302100,0.02850000000000817,0.0
1722303000,0.028642857142855846,0.0
1722303900,0.0276071428571356,0.0
1722304800,0.0307499999999976,0.0
1722305700,0.008000000000009767,0.0
1722306600,0.014299999999991523,0.0
1722307500,0.005200000000002078,0.0
1722308400,0.01200000000000044,0.0
1722309300,0.006750000000010898,0.0
1722310200,0.007999999999995554,0.0
1722311100,0.011583333333319935,0.0
1722312000,0.00466666666667946,0.0
1722312900,0.013999999999995781,0.0
1722313800,0.004999999999995441,0.0
1722314700,0.013999999999995785,0.0
1722315600,0.00425000000001317,0.0
1722316500,0.009249999999980203,0.0
1722317400,0.009500000000016927,0.0
1722318300,0.00539999999999451,0.0
1722319200,0.012600000000006153,0.0
1722320100,0.004499999999993052,0.0
1722321000,0.013166666666677413,0.0
1722321900,0.00533333333332563,0.0
1722322800,0.0100000000000051,0.0
1722323700,0.00799999999999555,0.0
1722324600,0.006000000000000216,0.0
1722325500,0.013166666666663203,0.0
1722326400,0.004233333333331743,0.0
1722327300,0.014000000000009989,0.0
1722328200,0.005599999999986935,0.0
1722329100,0.01150000000001226,0.0
1722330000,0.010099999999994213,0.0
1722330900,0.025000000000005674,0.0
1722331800,0.03206666666666535,0.0
1722332700,0.024533333333337723,0.0
1722333600,0.031466666666659635,0.0
1722334500,0.01099999999999567,0.0
1722335400,0.01190476190475918,0.0
1722336300,0.007228571428584002,0.0
1722337200,0.011463157894738158,0.0
1722338100,0.006736842105254926,0.0
1722339000,0.006799999999998346,0.0
1722339900,0.011533333333332497,0.0
1722340800,0.004303030303034903,0.0
1722341700,0.011363636363626016,0.0
1722342600,0.009666666666674918,0.0
1722343500,0.013787878787880452,0.0
1722344400,0.007212121212120323,0.0
1722345300,0.01183333333332824,0.0
1722346200,0.005499999999997827,0.0
1722347100,0.008499999999997943,0.0
1722348000,0.010500000000007488,0.0
1722348900,0.007857142857133678,0.0
1722349800,0.015357142857141064,0.0
1722350700,0.020357142857150727,0.0
1722351600,0.020357142857150727,0.0
1722352500,0.007321428571430018,0.0
1722353400,0.011826923076924333,0.0
1722354300,0.008973076923069808,0.0
1722355200,0.008624999999994994,0.0
1722356100,0.009324999999989808,0.0
1722357000,0.006772727272746681,0.0
1722357900,0.00650505050504079,0.0
1722358800,0.013972222222221818,0.0
1722359700,0.003750000000010788,0.0
1722360600,0.009059999999990947,0.0
1722361500,0.011399999999994725,0.0
1722362400,0.00624000000000534,0.0
1722363300,0.013999999999995775,0.0
1722364200,0.007800000000003123,0.0
1722365100,0.004750000000001345,0.0
1722366000,0.014750000000006477,0.0
1722366900,0.0060000000000002135,0.0
1722367800,0.01834615384613868,0.0
1722368700,0.02838461538460989,0.0
1722369600,0.02307692307692831,0.0
1722370500,0.022884615384612048,0.0
1722371400,0.025676470588237507,0.0
1722372300,0.025641711229951618,0.0
1722373200,0.023681818181813693,0.0
1722374100,0.016499999999993506,0.0
1722375000,0.025750000000002153,0.0
1722375900,0.02291666666667424,0.0
1722376800,0.018463768115935857,0.0
1722377700,0.022826086956527537,0.0
1722378600,0.012043478260864039,0.0
1722379500,0.017111111111120167,0.0
1722380400,0.007888888888885495,0.0
1722381300,0.013333333333321198,0.0
1722382200,0.00729166666667423,0.0
1722383100,0.010374999999996233,0.0
1722384000,0.00966666666667491,0.0
1722384900,0.005333333333325628,0.0
1722385800,0.014333333333340177,0.0
1722386700,0.010266666666666409,0.0
1722387600,0.03239999999999553,0.0
1722388500,0.027749999999997492,0.0
1722389400,0.02925000000000465,0.0
1722390300,0.028999999999996355,0.0
1722391200,0.009000000000000324,0.0
1722392100,0.012428571428571887,0.0
1722393000,0.008571428571428884,0.0
1722393900,0.014000000000009992,0.0
1722394800,0.006666666666660589,0.0
1722395700,0.009333333333330513,0.0
1722396600,0.011333333333340068,0.0
1722397500,0.004666666666665253,0.0
1722398400,0.01533333333333074,0.0
1722399300,0.00466666666666525,0.0
1722400200,0.009000000000000329,0.0
1722401100,0.010199999999997527,0.0
1722402000,0.004800000000003011,0.0
1722402900,0.013800000000003353,0.0
1722403800,0.005200000000002081,0.0
1722404700,0.006571428571419335,0.0
1722405600,0.011178571428587232,0.0
1722406500,0.0052499999999895235,0.0
1722407400,0.013199999999997639,0.0
1722408300,0.004800000000003011,0.0
1722409200,0.010249999999999197,0.0
1722410100,0.008499999999997941,0.0
1722411000,0.005250000000003739,0.0
1722411900,0.014499999999998169,0.0
1722412800,0.004499999999993055,0.0
1722413700,0.012000000000000443,0.0
1722414600,0.0100000000000051,0.0
1722415500,0.0088000000000079,0.0
1722416400,0.03419999999999844,0.0
1722417300,0.023999999999986685,0.0
1722418200,0.03375000000001192,0.0
1722419100,0.024449999999987416,0.0
1722420000,0.009800000000012677,0.0
1722420900,0.011499999999998057,0.0
1722421800,0.00449999999999305,0.0
1722422700,0.01237500000000578,0.0
1722423600,0.006424999999993003,0.0
1722424500,0.011738461538470794,0.0
1722425400,0.008076923076913533,0.0
1722426300,0.008076923076927743,0.0
1722427200,0.008057692307687592,0.0
1722428100,0.008035714285711029,0.0
1722429000,0.009445054945061307,0.0
1722429900,0.008007326007330543,0.0
1722430800,0.007976190476199446,0.0
1722431700,0.00664285714283607,0.0
1722432600,0.00880952380953203,0.0
1722433500,0.009833333333332911,0.0
1722434400,0.008499999999997943,0.0
1722435300,0.010400000000004173,0.0
1722436200,0.005349999999992842,0.0
1722437100,0.013249999999999307,0.0
1722438000,0.0051111111111197165,0.0
1722438900,0.01213888888888447,0.0
1722439800,0.00500000000000965,0.0
1722440700,0.013249999999999307,0.0
1722441600,0.005499999999997825,0.0
1722442500,0.01600000000000533,0.0
1722443400,0.02966666666665672,0.0
1722444300,0.02883333333333836,0.0
1722445200,0.02909999999998546,0.0
1722446100,0.0699555555555662,0.0
1722447000,0.13388888888887607,0.0
1722447900,0.06729239766082172,0.0
1722448800,0.02289473684210462,0.0
1722449700,0.02289473684210462,0.0
1722450600,0.022894736842118832,0.0
1722451500,0.027578947368411367,0.0
1722452400,0.03144444444444615,0.0
1722453300,0.03035555555555901,0.0
1722454200,0.023200000000002764,0.0
1722455100,0.033749999999997726,0.0
1722456000,0.04274999999999806,0.0
1722456900,0.05216666666666469,0.0
1722457800,0.05563333333333275,0.0
1722458700,0.04895000000001913,0.0
1722459600,0.04684999999999205,0.0
1722460500,0.022500000000007944,0.0
1722461400,0.022499999999993733,0.0
1722462300,0.022857142857148446,0.0
1722463200,0.02428571428569625,0.0
1722464100,0.023318681318698953,0.0
1722465000,0.023026833631476493,0.0
1722465900,0.023023255813953356,0.0
1722466800,0.022238372093028133,0.0
1722467700,0.00727066011254772,0.0
1722468600,0.007270660112547724,0.0
1722469500,0.015100000000003869,0.0
1722470400,0.0048000000000030085,0.0
1722471300,0.01184999999999546,0.0
1722472200,0.012421149557692492,0.0
1722473100,0.005250000000017947,0.0
1722474000,0.014249999999989866,0.0
1722474900,0.007199999999997417,0.0
1722475800,0.007962392087827052,0.0
1722476700,0.016999999999995897,0.0
1722477600,0.00626959601468423,0.0
1722478500,0.0061999999999926385,0.0
1722479400,0.013666666666665588,0.0
1722480300,0.00547619047618751,0.0
1722481200,0.0070571428571497416,0.0
1722482100,0.013133333333328761,0.0
1722483000,0.005266666666670955,0.0
1722483900,0.011066666666664544,0.0
1722484800,0.03183333333332426,0.0
1722485700,0.02350000000001272,0.0
1722486600,0.030999999999991687,0.0
1722487500,0.03133333333333609,0.0
1722488400,0.00646666666666816,0.0
1722489300,0.012200000000007082,0.0
1722490200,0.008499999999997938,0.0
1722491100,0.004499999999993052,0.0
1722492000,0.013999999999995783,0.0
1722492900,0.006333333333344615,0.0
1722493800,0.006471986264721505,0.0
1722494700,0.015249999999994638,0.0
1722495600,0.006602022369058039,0.0
1722496500,0.007426011184530943,0.0
1722497400,0.015426011184526512,0.0
1722498300,0.007185355702382317,0.0
1722499200,0.009822791732988405,0.0
1722500100,0.012870410780594938,0.0
1722501000,0.01056633961727973,0.0
1722501900,0.013513267923459213,0.0
1722502800,0.00799999999999555,0.0
1722503700,0.004999999999995441,0.0
1722504600,0.019000000000005443,0.0
1722505500,0.01175000000000635,0.0
1722506400,0.013249999999999306,0.0
1722507300,0.021000000000000782,0.0
1722508200,0.007333333333320965,0.0
1722509100,0.01000000000001931,0.0
1722510000,0.015166666666658545,0.0
1722510900,0.013071428571421946,0.0
1722511800,0.032628571428574546,0.0
1722512700,0.024716666666677142,0.0
1722513600,0.033698717948709586,0.0
1722514500,0.03025961538460819,0.0
1722515400,0.009982142857154468,0.0
1722516300,0.005142857142857325,0.0
1722517200,0.014333333333325966,0.0
1722518100,0.005666666666670025,0.0
1722519000,0.010499999999993275,0.0
1722519900,0.020166666666668207,0.0
1722520800,0.015047619047621186,0.0
1722521700,0.080174603174612,0.0
1722522600,0.20577777777776873,0.0
1722523500,0.01666666666666571,0.0
1722524400,0.010426666666660356,0.0
1722525300,0.010800000000003241,0.0
1722526200,0.00944000000001209,0.0
1722527100,0.020199999999988436,0.0
1722528000,0.012300000000010398,0.0
1722528900,0.017899999999997352,0.0
1722529800,0.01370746891769595,0.0
1722530700,0.014000000000009989,0.0
1722531600,0.01633333333332131,0.0
1722532500,0.010000000000019318,0.0
1722533400,0.013866666666658018,0.0
1722534300,0.014142857142857663,0.0
1722535200,0.011057142857140422,0.0
1722536100,0.023314285714292268,0.0
1722537000,0.01800000000000068,0.0
1722537900,0.025657894736838213,0.0
1722538800,0.025657894736838213,0.0
1722539700,0.02529396662387739,0.0
1722540600,0.02487804878049359,0.0
1722541500,0.02487804878047938,0.0
1722542400,0.024941838649155543,0.0
1722543300,0.022307692307691685,0.0
1722544200,0.021923076923087582,0.0
1722545100,0.022534709193237735,0.0
1722546000,0.035585365853663106,0.0
1722546900,0.026285714285705794,0.0
1722547800,0.027214285714279626,0.0
1722548700,0.027250000000009312,0.0
1722549600,0.023250000000004423,0.0
1722550500,0.03239999999999554,0.0
1722551400,0.025000000000005674,0.0
1722552300,0.024933333333322583,0.0
1722553200,0.029848484848500327,0.0
1722554100,0.02770707070706634,0.0
1722555000,0.021311111111103277,0.0
1722555900,0.016733333333334585,0.0
