unixtime,load,pv
1743379200,0.007350000000002394,0.0
1743380100,0.004722222222220288,0.0
1743381000,0.0038402777777797213,0.0
1743381900,0.009761029411762916,0.0
1743382800,0.008529411764705213,0.0
1743383700,0.004058823529412325,0.0
1743384600,0.003788235294120305,0.0
1743385500,0.009415384615383706,0.0
1743386400,0.008334615384615761,0.0
1743387300,0.00604999999999832,0.0
1743388200,0.0036874999999980547,0.0
1743389100,0.005312500000002258,0.0
1743390000,0.008849999999998893,0.0
1743390900,0.008749999999999128,0.0
1743391800,0.0043285714285730015,0.0
1743392700,0.0029761904761897813,0.0
1743393600,0.0071861471861502735,0.0
1743394500,0.0119090909090893,0.0
1743395400,0.004615384615384228,0.0
1743396300,0.004153846153844387,0.0
1743397200,0.00623076923076836,0.0
1743398100,0.008076923076924186,0.0
1743399000,0.007981900452488571,0.0
1743399900,0.0032745098039228403,0.0
1743400800,0.005291666666664683,0.0
1743401700,0.010375000000003338,0.0
1743402600,0.008799999999997242,0.0
1743403500,0.00380000000000179,0.0
1743404400,0.0038999999999980066,0.0
1743405300,0.00799999999999911,0.0
1743406200,0.009815789473684325,0.0
1743407100,0.005017543859651133,0.0
1743408000,0.004030303030301487,0.0
1743408900,0.006136363636365147,0.0
1743409800,0.011099999999998982,0.0
1743410700,0.005971428571427836,0.0
1743411600,0.0028571428571453217,0.0
1743412500,0.004971428571430171,0.0
1743413400,0.010061538461535227,0.0
1743414300,0.009538461538461713,0.0
1743415200,0.003615384615383008,0.0
1743416100,0.003384615384618412,0.0
1743417000,0.008428571428570553,0.0
1743417900,0.010725274725274396,0.0
1743418800,0.00384615384615471,0.0
1743419700,0.003599999999998703,0.0
1743420600,0.006635294117650393,0.0
1743421500,0.010310160427806624,0.0
1743422400,0.0063368983957197015,0.0
1743423300,0.0038319327731102183,0.0
1743424200,0.005396825396825729,0.0
1743425100,0.009288888888889341,0.0
1743426000,0.008399999999998176,0.0
1743426900,0.00380000000000179,0.0
1743427800,0.004971428571426618,0.0
1743428700,0.009428571428571774,0.0
1743429600,0.009363636363634227,0.0
1743430500,0.00440559440559695,0.0
1743431400,0.0038190045248889183,0.0
1743432300,0.008724264705879382,0.0
1743433200,0.011805147058826286,0.0
1743434100,0.010310924369747447,0.0
1743435000,0.007682539682537728,0.0
1743435900,0.008273504273503813,0.0
1743436800,0.015733031674209023,0.0
1743437700,0.020596638655462123,0.0
1743438600,0.026785714285715294,0.0
1743439500,0.02624999999999744,0.0
1743440400,0.03178846153846492,0.0
1743441300,0.024696832579184744,0.0
1743442200,0.01926470588235317,0.0
1743443100,0.021863636363637074,0.0
1743444000,0.019224598930478,0.0
1743444900,0.014078431372549704,0.0
1743445800,0.011969696969696733,0.0
1743446700,0.008863636363638945,0.0
1743447600,0.008205882352939385,0.0
1743448500,0.012494117647058536,0.0
1743449400,0.0137999999999998,0.0
1743450300,0.008636363636362871,0.0
1743451200,0.008413636363638217,0.0
1743452100,0.012950000000000005,0.0
1743453000,0.014999999999997004,0.0
1743453900,0.009444444444447682,0.0
1743454800,0.00774603174603071,0.0
1743455700,0.027976190476188368,0.0
1743456600,0.04627777777777807,0.0
1743457500,0.02833333333333597,0.0
1743458400,0.02072222222222208,0.0
1743459300,0.019999999999999567,0.0
1743460200,0.01818421052631435,0.0
1743461100,0.008374613003095265,0.0
1743462000,0.004607843137257804,0.0
1743462900,0.00479487179487136,0.0
1743463800,0.010871794871796674,0.0
1743464700,0.007999999999999109,0.0
1743465600,0.005266666666663853,0.0
1743466500,0.00516923076923347,0.0
1743467400,0.006730769230767194,0.0
1743468300,0.009499999999999167,0.0
1743469200,0.007750000000001474,0.0
1743470100,0.00401470588235141,0.0
1743471000,0.005235294117646545,0.0
1743471900,0.012000000000000443,0.0
1743472800,0.009777777777777875,0.0
1743473700,0.005000000000002545,0.0
1743474600,0.004317460317459147,0.0
1743475500,0.00767399267399325,0.0
1743476400,0.012030769230769055,0.0
1743477300,0.005066666666667873,0.0
1743478200,0.003688888888888175,0.0
1743479100,0.005829059829057558,0.0
1743480000,0.012615384615386907,0.0
1743480900,0.00689473684210638,0.0
1743481800,0.0034385964912253364,0.0
1743482700,0.00558333333333393,0.0
1743483600,0.011083333333335325,0.0
1743484500,0.008647058823527225,0.0
1743485400,0.0037815126050411083,0.0
1743486300,0.004417582417584492,0.0
1743487200,0.015487179487177363,0.0
1743488100,0.025366666666666753,0.0
1743489000,0.02009999999999933,0.0
1743489900,0.021381818181819043,0.0
1743490800,0.019943181818181433,0.0
1743491700,0.009375000000002114,0.0
1743492600,0.008699999999997472,0.0
1743493500,0.008300000000001957,0.0
1743494400,0.011250000000000418,0.0
1743495300,0.01244999999999762,0.0
1743496200,0.012355555555554771,0.0
1743497100,0.008730158730159568,0.0
1743498000,0.00791428571428552,0.0
1743498900,0.01529999999999985,0.0
1743499800,0.014192307692308488,0.0
1743500700,0.009450549450551893,0.0
1743501600,0.008357142857143158,0.0
1743502500,0.013214285714283831,0.0
1743503400,0.1035164835164828,0.0
1743504300,0.1383317307692309,0.0
1743505200,0.11238486842105289,0.0
1743506100,0.0963383458646625,0.0
1743507000,0.06263095238095316,0.0
1743507900,0.05263888888888956,0.0
1743508800,0.045209150326797946,0.0
1743509700,0.034068627450977815,0.0
1743510600,0.03534313725490178,0.0
1743511500,0.025698529411762632,0.0
1743512400,0.033579545454546875,0.0
1743513300,0.03707486631016365,0.0
1743514200,0.03000392156862829,0.0
1743515100,0.03179999999999693,0.0
1743516000,0.03633333333333154,0.0
1743516900,0.03285964912280902,0.0
1743517800,0.03175939849624142,0.0
1743518700,0.02996428571428566,0.0
1743519600,0.03484090909090653,0.0
1743520500,0.03240909090909127,0.0
1743521400,0.02450000000000329,0.0
1743522300,0.016888888888885838,0.0
1743523200,0.019711111111110558,0.0
1743524100,0.037945454545454275,0.0
1743525000,0.03157219251336938,0.0
1743525900,0.022932352941175776,0.0
1743526800,0.03295000000000313,0.0
1743527700,0.03838888888888902,0.0
1743528600,0.026316993464050132,0.0
1743529500,0.021705882352939895,0.0
1743530400,0.021588235294117894,0.0
1743531300,0.01800000000000067,0.0
1743532200,0.010812500000000098,0.0
1743533100,0.008320833333332429,0.0
1743534000,0.01026666666666996,0.0
1743534900,0.017399999999998517,0.0
1743535800,0.014914285714286973,0.0
1743536700,0.011344537815123333,0.0
1743537600,0.009607843137256813,0.0
1743538500,0.015395833333332819,0.0
1743539400,0.07527083333333451,0.0
1743540300,0.13231372549019582,0.0
1743541200,0.07368627450980368,0.0
1743542100,0.020416666666665848,0.0
1743543000,0.027720588235293765,0.0
1743543900,0.016279411764706694,0.0
1743544800,0.017788461538462016,0.0
1743545700,0.02199095022624318,0.0
1743546600,0.02325630252100906,0.0
1743547500,0.01950000000000073,0.0
1743548400,0.021291208791208042,0.0
1743549300,0.02480769230769297,0.0
1743550200,0.0188376068376037,0.0
1743551100,0.016248366013073206,0.0
1743552000,0.015904411764704904,0.0
1743552900,0.019196428571429877,0.0
1743553800,0.018628571428571647,0.0
1743554700,0.00667499999999775,0.0
1743555600,0.004553571428573368,0.0
1743556500,0.00857142857142889,0.0
1743557400,0.00949999999999916,0.0
1743558300,0.007500000000000271,0.0
1743559200,0.0063333333333339585,0.0
1743560100,0.008137254901960477,0.0
1743561000,0.009862745098040178,0.0
1743561900,0.006666666666664143,0.0
1743562800,0.004692307692309314,0.0
1743563700,0.007370192307693185,0.0
1743564600,0.009113970588234809,0.0
1743565500,0.007823529411766105,0.0
1743566400,0.004249999999998966,0.0
1743567300,0.006749999999996687,0.0
1743568200,0.009812500000002425,0.0
1743569100,0.008369318181816953,0.0
1743570000,0.004318181818181433,0.0
1743570900,0.007285714285714552,0.0
1743571800,0.010547619047621021,0.0
1743572700,0.008666666666666588,0.0
1743573600,0.031333333333332526,0.0
1743574500,0.031238095238094832,0.0
1743575400,0.016178571428572038,0.0
1743576300,0.009704545454546572,0.0
1743577200,0.004545454545453953,0.0
1743578100,0.00588888888889016,0.0
1743579000,0.008163742690058476,0.0
1743579900,0.008178137651821503,0.0
1743580800,0.004615384615384238,0.0
1743581700,0.005264957264955677,0.0
1743582600,0.010555555555555422,0.0
1743583500,0.009523809523809474,0.0
1743584400,0.008809523809524917,0.0
1743585300,0.019800000000000033,0.0
1743586200,0.02769999999999938,0.0
1743587100,0.027000000000001013,0.0
1743588000,0.021499999999999624,0.0
1743588900,0.015105263157895612,0.0
1743589800,0.026894736842102408,0.0
1743590700,0.039428571428572916,0.0
1743591600,0.005298701298702458,0.0
1743592500,0.006161616161616468,0.0
1743593400,0.00887581699346284,0.0
1743594300,0.010235294117645554,0.0
1743595200,0.004777777777778869,0.0
1743596100,0.006305555555556442,0.0
1743597000,0.007916666666666556,0.0
1743597900,0.007500000000000267,0.0
1743598800,0.007277777777776591,0.0
1743599700,0.006928104575163008,0.0
1743600600,0.05382043343653108,0.0
1743601500,0.07378137651821959,0.0
1743602400,0.016978021978022888,0.0
1743603300,0.021964285714286536,0.0
1743604200,0.025416666666664856,0.0
1743605100,0.013333333333335402,0.0
1743606000,0.006714285714284763,0.0
1743606900,0.006785714285715707,0.0
1743607800,0.010699999999999913,0.0
1743608700,0.010371428571428244,0.0
1743609600,0.004206349206349091,0.0
1743610500,0.0059914529914522,0.0
1743611400,0.011630769230766442,0.0
1743612300,0.007717647058825597,0.0
1743613200,0.004069852941174891,0.0
1743614100,0.007157327586206451,0.0
1743615000,0.01086206896551899,0.0
1743615900,0.008338557993731389,0.0
1743616800,0.016579545454543872,0.0
1743617700,0.020375000000001357,0.0
1743618600,0.02808333333333479,0.0
1743619500,0.03355952380952231,0.0
1743620400,0.02578021978021993,0.0
1743621300,0.021132478632477348,0.0
1743622200,0.028636752136751643,0.0
1743623100,0.023974358974360385,0.0
1743624000,0.015794871794874137,0.0
1743624900,0.010832579185517931,0.0
1743625800,0.014398190045248777,0.0
1743626700,0.011907692307691054,0.0
1743627600,0.004971428571430171,0.0
1743628500,0.007218045112782782,0.0
1743629400,0.009210526315786883,0.0
1743630300,0.008000000000002656,0.0
1743631200,0.013799999999999802,0.0
1743632100,0.022477777777776695,0.0
1743633000,0.01905555555555692,0.0
1743633900,0.01697916666666542,0.0
1743634800,0.016487500000000196,0.0
1743635700,0.020628571428574098,0.0
1743636600,0.026488095238093475,0.0
1743637500,0.01824122807017402,0.0
1743638400,0.016642105263155557,0.0
1743639300,0.0237000000000016,0.0
1743640200,0.02062500000000255,0.0
1743641100,0.01758928571428341,0.0
1743642000,0.019558441558441324,0.0
1743642900,0.023282828282830775,0.0
1743643800,0.018131944444444752,0.0
1743644700,0.009026785714283383,0.0
1743645600,0.0041523809523802335,0.0
1743646500,0.01146666666666717,0.0
1743647400,0.008571428571428877,0.0
1743648300,0.00342857142857154,0.0
1743649200,0.004666666666668809,0.0
1743650100,0.00905882352941133,0.0
1743651000,0.00944117647058816,0.0
1743651900,0.0039285714285703845,0.0
1743652800,0.004753246753246278,0.0
1743653700,0.012484848484849197,0.0
1743654600,0.007238095238093915,0.0
1743655500,0.0030183150183162666,0.0
1743656400,0.004194570135748408,0.0
1743657300,0.007882352941177112,0.0
1743658200,0.012222222222220573,0.0
1743659100,0.003977777777777183,0.0
1743660000,0.004569230769231315,0.0
1743660900,0.01189743589743485,0.0
1743661800,0.006649122807015554,0.0
1743662700,0.0038380566801627784,0.0
1743663600,0.020717121588091907,0.0
1743664500,0.03145161290322206,0.0
1743665400,0.017344086021505934,0.0
1743666300,0.004083333333337427,0.0
1743667200,0.004407894736839766,0.0
1743668100,0.009933014354068332,0.0
1743669000,0.1274090909090866,0.0
1743669900,0.16111538461538544,0.0
1743670800,0.0883221153846172,0.0
1743671700,0.04351704545454282,0.0
1743672600,0.01267045454545722,0.0
1743673500,0.0032249999999969165,0.0
1743674400,0.006650000000000479,0.0
1743675300,0.01233333333333418,0.0
1743676200,0.00377192982456263,0.0
1743677100,0.0037408906882596517,0.0
1743678000,0.009653846153845784,0.0
1743678900,0.009499999999999169,0.0
1743679800,0.004285714285714442,0.0
1743680700,0.004714285714285883,0.0
1743681600,0.010799999999999683,0.0
1743682500,0.007950000000001,0.0
1743683400,0.003249999999997745,0.0
1743684300,0.006333333333337505,0.0
1743685200,0.009541666666667208,0.0
1743686100,0.006696428571427039,0.0
1743687000,0.0039285714285703845,0.0
1743687900,0.006562500000001125,0.0
1743688800,0.009270833333331991,0.0
1743689700,0.00695238095238081,0.0
1743690600,0.0038319327731102183,0.0
1743691500,0.006882352941175886,0.0
1743692400,0.009235294117647879,0.0
1743693300,0.0061764705882332155,0.0
1743694200,0.0038190045248889183,0.0
1743695100,0.006651583710404187,0.0
1743696000,0.009784313725493364,0.0
1743696900,0.0070833333333339835,0.0
1743697800,0.0033749999999983416,0.0
1743698700,0.005624999999998427,0.0
1743699600,0.010403846153845818,0.0
1743700500,0.006446153846155762,0.0
1743701400,0.0036857142857158365,0.0
1743702300,0.009880952380953533,0.0
1743703200,0.009583333333331707,0.0
1743704100,0.003671052631577955,0.0
1743705000,0.0031174089068812735,0.0
1743705900,0.010538461538462931,0.0
1743706800,0.00917307692307644,0.0
1743707700,0.004416666666667613,0.0
1743708600,0.0037777777777776435,0.0
1743709500,0.01078632478632356,0.0
1743710400,0.007874493927126006,0.0
1743711300,0.0032793522267198032,0.0
1743712200,0.004438914027147679,0.0
1743713100,0.010267379679145696,0.0
1743714000,0.008575757575759003,0.0
1743714900,0.004190476190476736,0.0
1743715800,0.005420634920636039,0.0
1743716700,0.007774853801169701,0.0
1743717600,0.008280701754383543,0.0
1743718500,0.004416666666667613,0.0
1743719400,0.005849999999998793,0.0
1743720300,0.009150000000001756,0.0
1743721200,0.00778846153846045,0.0
1743722100,0.0036968325791875032,0.0
1743723000,0.006310160427805288,0.0
1743723900,0.010748663101605153,0.0
1743724800,0.0061058823529407304,0.0
1743725700,0.003933333333332445,0.0
1743726600,0.009666666666667807,0.0
1743727500,0.008444444444442915,0.0
1743728400,0.0049555555555578145,0.0
1743729300,0.003933333333332445,0.0
1743730200,0.008166666666667747,0.0
1743731100,0.008807692307691165,0.0
1743732000,0.0052478632478631815,0.0
1743732900,0.004444444444441572,0.0
1743733800,0.008500000000005042,0.0
1743734700,0.008346153846151323,0.0
1743735600,0.006335664335662005,0.0
1743736500,0.003818181818182599,0.0
1743737400,0.009333333333334071,0.0
1743738300,0.008313725490197035,0.0
1743739200,0.00389140271493104,0.0
1743740100,0.00479487179487136,0.0
1743741000,0.011666666666670258,0.0
1743741900,0.006999999999997886,0.0
1743742800,0.003363636363634005,0.0
1743743700,0.004036363636366493,0.0
1743744600,0.010600000000000156,0.0
1743745500,0.008846153846150158,0.0
1743746400,0.0031538461538502685,0.0
1743747300,0.005799999999997127,0.0
1743748200,0.01140000000000183,0.0
1743749100,0.005704761904759415,0.0
1743750000,0.003695238095239953,0.0
1743750900,0.005047058823532055,0.0
1743751800,0.008117647058821106,0.0
1743752700,0.010235294117645554,0.0
1743753600,0.0038750000000007264,0.0
1743754500,0.0039671052631611164,0.0
1743755400,0.010157894736838804,0.0
1743756300,0.008428571428574106,0.0
1743757200,0.003171428571427255,0.0
1743758100,0.00509999999999876,0.0
1743759000,0.008027272727272093,0.0
1743759900,0.010272727272727867,0.0
1743760800,0.00386666666666712,0.0
1743761700,0.004758333333331409,0.0
1743762600,0.009375000000002121,0.0
1743763500,0.00946153846154018,0.0
1743764400,0.0036437246963529736,0.0
1743765300,0.004144736842107458,0.0
1743766200,0.009659090909089214,0.0
1743767100,0.009340909090909112,0.0
1743768000,0.0030833333333362065,0.0
1743768900,0.004166666666662867,0.0
1743769800,0.010500000000000382,0.0
1743770700,0.007894736842107602,0.0
1743771600,0.0041052631578928165,0.0
1743772500,0.0058095238095248036,0.0
1743773400,0.007123809523811517,0.0
1743774300,0.009521212121210704,0.0
1743775200,0.005212121212121433,0.0
1743776100,0.006833333333332787,0.0
1743777000,0.00861111111111156,0.0
1743777900,0.007042735042734444,0.0
1743778800,0.0036461538461516254,0.0
1743779700,0.006824999999999175,0.0
1743780600,0.009375000000002109,0.0
1743781500,0.006399999999999278,0.0
1743782400,0.0034666666666680517,0.0
1743783300,0.005839215686275863,0.0
1743784200,0.008627450980391397,0.0
1743785100,0.008333333333332844,0.0
1743786000,0.00479487179487136,0.0
1743786900,0.008205128205126743,0.0
1743787800,0.008070175438596986,0.0
1743788700,0.005899521531102165,0.0
1743789600,0.0038636363636363933,0.0
1743790500,0.007687499999999391,0.0
1743791400,0.009383928571427431,0.0
1743792300,0.005678571428571633,0.0
1743793200,0.00301315789473832,0.0
1743794100,0.0052035087719275374,0.0
1743795000,0.012078787878788678,0.0
1743795900,0.006138755980863641,0.0
1743796800,0.0034066985645928396,0.0
1743797700,0.007382775119616255,0.0
1743798600,0.009126315789472964,0.0
1743799500,0.00563076923076976,0.0
1743800400,0.00476923076923085,0.0
1743801300,0.00941176470588444,0.0
1743802200,0.009504901960784894,0.0
1743803100,0.0047499999999978,0.0
1743804000,0.0039999999999977736,0.0
1743804900,0.010666666666669038,0.0
1743805800,0.007791666666665965,0.0
1743806700,0.0032960526315797185,0.0
1743807600,0.003245614035087377,0.0
1743808500,0.013000000000001666,0.0
1743809400,0.0069833333333342235,0.0
1743810300,0.0033499999999975134,0.0
1743811200,0.004571428571427552,0.0
1743812100,0.008928571428572948,0.0
1743813000,0.00916666666666543,0.0
1743813900,0.0040476190476184,0.0
1743814800,0.003985714285715137,0.0
1743815700,0.007966666666664667,0.0
1743816600,0.010888888888889154,0.0
1743817500,0.0034444444444474568,0.0
1743818400,0.003944444444442741,0.0
1743819300,0.006555555555554083,0.0
1743820200,0.011500000000001615,0.0
1743821100,0.00450000000000016,0.0
1743822000,0.005227272727275069,0.0
1743822900,0.00977272727272548,0.0
1743823800,0.00788461538461503,0.0
1743824700,0.003901098901099675,0.0
1743825600,0.006560439560438167,0.0
1743826500,0.010953846153846302,0.0
1743827400,0.005400000000001613,0.0
1743828300,0.0030000000000001037,0.0
1743829200,0.005228571428570905,0.0
1743830100,0.01057142857142777,0.0
1743831000,0.007500000000000269,0.0
1743831900,0.003249999999997743,0.0
1743832800,0.0059423076923081795,0.0
1743833700,0.01059340659340789,0.0
1743834600,0.006609022556393266,0.0
1743835500,0.00392344497607409,0.0
1743836400,0.006231818181817047,0.0
1743837300,0.0076166666666672555,0.0
1743838200,0.008476190476191177,0.0
1743839100,0.003857142857142995,0.0
1743840000,0.005333333333332734,0.0
1743840900,0.010833333333334123,0.0
1743841800,0.007245098039213348,0.0
1743842700,0.0030000000000001015,0.0
1743843600,0.005731092436977993,0.0
1743844500,0.00992610837438333,0.0
1743845400,0.0062068965517241064,0.0
1743846300,0.0059059561128513675,0.0
1743847200,0.00705627705627875,0.0
1743848100,0.008670995670993158,0.0
1743849000,0.0064242424242451,0.0
1743849900,0.0034848484848488603,0.0
1743850800,0.009064171122993507,0.0
1743851700,0.009617647058821167,0.0
1743852600,0.005000000000002547,0.0
1743853500,0.0038999999999980066,0.0
1743854400,0.0064857142857128675,0.0
1743855300,0.008142857142861,0.0
1743856200,0.007749206349206612,0.0
1743857100,0.004327485380116498,0.0
1743858000,0.008894736842101717,0.0
1743858900,0.009500000000002716,0.0
1743859800,0.004500000000000158,0.0
1743860700,0.0036874999999980547,0.0
1743861600,0.007979166666668635,0.0
1743862500,0.009999999999998,0.0
1743863400,0.004404761904762455,0.0
1743864300,0.003642857142857272,0.0
1743865200,0.009285714285713446,0.0
1743866100,0.010124999999998597,0.0
1743867000,0.003413461538464435,0.0
1743867900,0.006751861042182832,0.0
1743868800,0.009193548387095513,0.0
1743869700,0.007230414746544506,0.0
1743870600,0.003841269841270635,0.0
1743871500,0.0033015873015891234,0.0
1743872400,0.007142857142856218,0.0
1743873300,0.012066666666665773,0.0
1743874200,0.0037904761904776667,0.0
1743875100,0.00392857142857038,0.0
1743876000,0.008464285714286023,0.0
1743876900,0.010288461538461741,0.0
1743877800,0.004794871794874913,0.0
1743878700,0.0038888888888877066,0.0
1743879600,0.00615277777777477,0.0
1743880500,0.011079545454546019,0.0
1743881400,0.006124401913876192,0.0
1743882300,0.003267206477733702,0.0
1743883200,0.005653846153844443,0.0
1743884100,0.00844117647058694,0.0
1743885000,0.00859728506787504,0.0
1743885900,0.004328205128206967,0.0
1743886800,0.004133333333331981,0.0
1743887700,0.0072413793103436284,0.0
1743888600,0.009827586206899497,0.0
1743889500,0.0054310344827577205,0.0
1743890400,0.003899999999998007,0.0
1743891300,0.011305882352942814,0.0
1743892200,0.00810661764705854,0.0
1743893100,0.0034506578947350783,0.0
1743894000,0.0035146198830417964,0.0
1743894900,0.008888888888890266,0.0
1743895800,0.008833333333331677,0.0
1743896700,0.005558823529412377,0.0
1743897600,0.003718954248366645,0.0
1743898500,0.008222222222222792,0.0
1743899400,0.009470588235295441,0.0
1743900300,0.006990950226242622,0.0
1743901200,0.0031174089068812735,0.0
1743902100,0.0031857585139327582,0.0
1743903000,0.007850678733031897,0.0
1743903900,0.011884615384612817,0.0
1743904800,0.0038636363636363933,0.0
1743905700,0.0037540106951894285,0.0
1743906600,0.00844485294117802,0.0
1743907500,0.010437499999998314,0.0
1743908400,0.0038947368421062647,0.0
1743909300,0.0033552631578927902,0.0
1743910200,0.005949999999998556,0.0
1743911100,0.012000000000000437,0.0
1743912000,0.006600000000002368,0.0
1743912900,0.0035999999999987054,0.0
1743913800,0.007385714285714319,0.0
1743914700,0.009096638655464053,0.0
1743915600,0.00611764705882222,0.0
1743916500,0.0037500000000001334,0.0
1743917400,0.005250000000000187,0.0
1743918300,0.009882352941176,0.0
1743919200,0.007867647058823474,0.0
1743920100,0.0033749999999983416,0.0
1743921000,0.003303571428574503,0.0
1743921900,0.01057142857142778,0.0
1743922800,0.00942105263157699,0.0
1743923700,0.0033971291866059434,0.0
1743924600,0.004181818181816497,0.0
1743925500,0.007999999999999107,0.0
1743926400,0.010058823529412552,0.0
1743927300,0.004369747899158215,0.0
1743928200,0.004285714285714442,0.0
1743929100,0.012000000000000448,0.0
1743930000,0.007857142857140776,0.0
1743930900,0.0028571428571417734,0.0
1743931800,0.0037777777777776534,0.0
1743932700,0.010116959064326629,0.0
1743933600,0.008517027863778273,0.0
1743934500,0.0036791443850283582,0.0
1743935400,0.004014354066985233,0.0
1743936300,0.007510121457489287,0.0
1743937200,0.011769230769232293,0.0
1743938100,0.004076923076922855,0.0
1743939000,0.004479638009048146,0.0
1743939900,0.007953560371518604,0.0
1743940800,0.009248120300750161,0.0
1743941700,0.004285714285714442,0.0
1743942600,0.005142857142857325,0.0
1743943500,0.008484126984129129,0.0
1743944400,0.00972222222221929,0.0
1743945300,0.004097222222224407,0.0
1743946200,0.004624999999997206,0.0
1743947100,0.007735294117651383,0.0
1743948000,0.009044705882352833,0.0
1743948900,0.00479999999999946,0.0
1743949800,0.006719999999997823,0.0
1743950700,0.008699999999997477,0.0
1743951600,0.007681818181819003,0.0
1743952500,0.00448484848485008,0.0
1743953400,0.0060000000000002135,0.0
1743954300,0.00939215686274507,0.0
1743955200,0.007402714932126733,0.0
1743956100,0.00389140271493104,0.0
1743957000,0.004758169934639505,0.0
1743957900,0.010555555555558973,0.0
1743958800,0.00733333333333163,0.0
1743959700,0.002800000000000572,0.0
1743960600,0.004066666666666652,0.0
1743961500,0.008600000000001265,0.0
1743962400,0.010764102564102979,0.0
1743963300,0.0044835164835177405,0.0
1743964200,0.005785714285714496,0.0
1743965100,0.008690476190473346,0.0
1743966000,0.008264069264065184,0.0
1743966900,0.0038787878787900254,0.0
1743967800,0.0038541666666702546,0.0
1743968700,0.008812499999997652,0.0
1743969600,0.01100000000000277,0.0
1743970500,0.004076923076915745,0.0
1743971400,0.004589743589747273,0.0
1743972300,0.00794871794872164,0.0
1743973200,0.009384615384611543,0.0
1743974100,0.0036842105263161632,0.0
1743975000,0.004315789473686473,0.0
1743975900,0.008999999999993227,0.0
1743976800,0.009333333333337626,0.0
1743977700,0.003916666666668779,0.0
1743978600,0.0060576923076922605,0.0
1743979500,0.010192307692307159,0.0
1743980400,0.007269230769232128,0.0
1743981300,0.003980769230764726,0.0
1743982200,0.005138888888893673,0.0
1743983100,0.010111111111108054,0.0
1743984000,0.006578947368424782,0.0
1743984900,0.0032672064777301483,0.0
1743985800,0.007487179487178239,0.0
1743986700,0.008166666666667753,0.0
1743987600,0.006642857142857386,0.0
1743988500,0.00410714285714419,0.0
1743989400,0.005861111111109086,0.0
1743990300,0.010947712418300165,0.0
1743991200,0.0063529411764733255,0.0
1743992100,0.0034343891402670436,0.0
1743993000,0.007487179487178239,0.0
1743993900,0.009388888888892657,0.0
1743994800,0.0061601307189533714,0.0
1743995700,0.003242647058826245,0.0
1743996600,0.005624999999994865,0.0
1743997500,0.012019230769233492,0.0
1743998400,0.00589743589743107,0.0
1743999300,0.0038787878787900254,0.0
1744000200,0.00727807486631348,0.0
1744001100,0.00880147058823864,0.0
1744002000,0.00666071428570801,0.0
1744002900,0.003609022556396707,0.0
1744003800,0.0049624060150321525,0.0
1744004700,0.00902521008403311,0.0
1744005600,0.008184313725493546,0.0
1744006500,0.004266666666666186,0.0
1744007400,0.0063725490196091415,0.0
1744008300,0.009694117647057956,0.0
1744009200,0.0071000000000012,0.0
1744010100,0.0031470588235293718,0.0
1744011000,0.006241830065356153,0.0
1744011900,0.009396825396827057,0.0
1744012800,0.00753246753247082,0.0
1744013700,0.00407655502392144,0.0
1744014600,0.005994152046781645,0.0
1744015500,0.010058479532162304,0.0
1744016400,0.006552631578948348,0.0
1744017300,0.0037857142857120516,0.0
1744018200,0.004864285714290863,0.0
1744019100,0.009183333333332643,0.0
1744020000,0.008571428571428877,0.0
1744020900,0.00342857142857154,0.0
1744021800,0.00616666666666531,0.0
1744022700,0.008833333333335231,0.0
1744023600,0.008666666666663029,0.0
1744024500,0.0046666666666652515,0.0
1744025400,0.005333333333332731,0.0
1744026300,0.01012500000000214,0.0
1744027200,0.00687500000000084,0.0
1744028100,0.0035000000000024933,0.0
1744029000,0.005699999999997363,0.0
1744029900,0.00954999999999727,0.0
1744030800,0.006934210526317467,0.0
1744031700,0.003458646616543585,0.0
1744032600,0.005190476190470851,0.0
1744033500,0.009666666666674912,0.0
1744034400,0.008882352941171217,0.0
1744035300,0.00429946524064205,0.0
1744036200,0.005502392344496335,0.0
1744037100,0.008458646616546151,0.0
1744038000,0.009190476190475732,0.0
1744038900,0.003809523809522363,0.0
1744039800,0.005669642857142761,0.0
1744040700,0.010758928571426888,0.0
1744041600,0.006361904761902779,0.0
1744042500,0.0030666666666689783,0.0
1744043400,0.004800000000003007,0.0
1744044300,0.012507692307693203,0.0
1744045200,0.0057548076923055,0.0
1744046100,0.0036041666666619533,0.0
1744047000,0.005142857142857323,0.0
1744047900,0.007619047619051839,0.0
1744048800,0.009935064935064002,0.0
1744049700,0.004448863636362421,0.0
1744050600,0.006687499999998166,0.0
1744051500,0.0335769230769216,0.0
1744052400,0.14912307692308246,0.0
1744053300,0.16199999999999903,0.0
1744054200,0.10334545454545463,0.0
1744055100,0.02174025974026249,0.0
1744056000,0.019542857142859287,0.0
1744056900,0.01971428571428644,0.0
1744057800,0.019599999999996936,0.0
1744058700,0.022023809523808762,0.0
1744059600,0.025277777777773718,0.0
1744060500,0.028333333333335965,0.0
1744061400,0.022444444444438705,0.0
1744062300,0.024311111111117605,0.0
1744063200,0.023533333333332955,0.0
1744064100,0.01839487179486808,0.0
1744065000,0.02225274725275027,0.0
1744065900,0.022785714285710405,0.0
1744066800,0.015227272727273082,0.0
1744067700,0.013522727272729176,0.0
1744068600,0.021926470588240925,0.0
1744069500,0.02442352941175584,0.0
1744070400,0.019452631578950257,0.0
1744071300,0.016030701754388574,0.0
1744072200,0.028583333333337173,0.0
1744073100,0.013862745098037966,0.0
1744074000,0.00458823529411488,0.0
1744074900,0.005882352941178212,0.0
1744075800,0.009333333333330512,0.0
1744076700,0.008666666666670134,0.0
1744077600,0.003999999999990666,0.0
1744078500,0.00700000000000499,0.0
1744079400,0.010999999999995671,0.0
1744080300,0.0068461538461619354,0.0
1744081200,0.0046538461538432226,0.0
1744082100,0.009033333333334772,0.0
1744083000,0.010266666666666412,0.0
1744083900,0.005533333333332265,0.0
1744084800,0.003771929824559075,0.0
1744085700,0.00718885448916493,0.0
1744086600,0.011483660130721754,0.0
1744087500,0.00444444444444513,0.0
1744088400,0.005044444444443731,0.0
1744089300,0.009799999999998468,0.0
1744090200,0.010200000000004641,0.0
1744091100,0.009733333333329581,0.0
1744092000,0.013058823529412658,0.0
1744092900,0.0312352941176428,0.0
1744093800,0.0475947712418332,0.0
1744094700,0.012222222222220573,0.0
1744095600,0.011111111111112845,0.0
1744096500,0.014577777777780906,0.0
1744097400,0.017026086956519745,0.0
1744098300,0.014347826086954273,0.0
1744099200,0.014179028132993191,0.0
1744100100,0.015772058823529264,0.0
1744101000,0.012506578947366611,0.0
1744101900,0.009753036437246003,0.0
1744102800,0.015115384615384631,0.0
1744103700,0.01971428571428645,0.0
1744104600,0.012575187969929395,0.0
1744105500,0.010287449392713192,0.0
1744106400,0.049923076923072074,0.0
1744107300,0.08610000000000184,0.0
1744108200,0.06990000000000406,0.0
1744109100,0.011749999999999249,0.0
1744110000,0.010431818181814373,0.0
1744110900,0.008582887700534047,0.0
1744111800,0.0030130718954239784,0.0
1744112700,0.004097222222220853,0.0
1744113600,0.010625000000004528,0.0
1744114500,0.009088235294115048,0.0
1744115400,0.0034117647058877648,0.0
1744116300,0.005599999999994051,0.0
1744117200,0.00990000000000179,0.0
1744118100,0.008571428571428884,0.0
1744119000,0.003928571428566828,0.0
1744119900,0.006764705882353885,0.0
1744120800,0.009735294117653828,0.0
1744121700,0.007346153846150103,0.0
1744122600,0.003153846153843165,0.0
1744123500,0.005214285714288271,0.0
1744124400,0.00931512605041717,0.0
1744125300,0.007537254901961881,0.0
1744126200,0.0041641025641041465,0.0
1744127100,0.006769230769229738,0.0
1744128000,0.00937499999999856,0.0
1744128900,0.0069583333333369385,0.0
1744129800,0.004095238095239031,0.0
1744130700,0.006100840336131336,0.0
1744131600,0.009670588235294979,0.0
1744132500,0.05061818181818011,0.0
1744133400,0.13671122994652762,0.0
1744134300,0.11911764705882177,0.0
1744135200,0.12468627450980563,0.0
1744136100,0.12599999999999767,0.0
1744137000,0.17416666666666458,0.0
1744137900,0.1756764705882361,0.0
1744138800,0.1082972136222935,0.0
1744139700,0.13052631578947427,0.0
1744140600,0.10342857142857298,0.0
1744141500,0.02447142857143091,0.0
1744142400,0.021877777777774547,0.0
1744143300,0.028104575163396806,0.0
1744144200,0.02978431372549294,0.0
1744145100,0.022166666666663556,0.0
1744146000,0.01916666666666344,0.0
1744146900,0.02607692307692843,0.0
1744147800,0.025238866396762195,0.0
1744148700,0.02285087719297961,0.0
1744149600,0.026166666666668434,0.0
1744150500,0.02607843137255371,0.0
1744151400,0.018640866873063527,0.0
1744152300,0.01839181286549517,0.0
1744153200,0.019555555555555767,0.0
1744154100,0.02177777777777834,0.0
1744155000,0.02138888888888601,0.0
1744155900,0.013750000000001698,0.0
1744156800,0.022972222222222165,0.0
1744157700,0.024611111111113353,0.0
1744158600,0.015038461538459549,0.0
1744159500,0.018696832579180964,0.0
1744160400,0.02069327731092584,0.0
1744161300,0.0214714285714308,0.0
1744162200,0.005915789473682745,0.0
1744163100,0.008684210526318716,0.0
1744164000,0.008499999999997938,0.0
1744164900,0.006722222222222728,0.0
1744165800,0.005902777777777136,0.0
1744166700,0.011517857142855794,0.0
1744167600,0.008548632218847269,0.0
1744168500,0.004787234042552762,0.0
1744169400,0.004787234042552762,0.0
1744170300,0.010234042553193478,0.0
1744171200,0.009866666666667344,0.0
1744172100,0.004320833333331098,0.0
1744173000,0.00521249999999894,0.0
1744173900,0.009599999999998925,0.0
1744174800,0.009222222222220458,0.0
1744175700,0.004027777777778847,0.0
1744176600,0.006749999999996692,0.0
1744177500,0.012904761904771063,0.0
1744178400,0.02880952380952094,0.0
1744179300,0.04328571428571591,0.0
1744180200,0.01342105263157121,0.0
1744181100,0.012194331983806686,0.0
1744182000,0.00688461538462091,0.0
1744182900,0.0030555555555551303,0.0
1744183800,0.005377777777773919,0.0
1744184700,0.011622222222221968,0.0
1744185600,0.006549707602339067,0.0
1744186500,0.004294736842112435,0.0
1744187400,0.007599999999996493,0.0
1744188300,0.008461538461538961,0.0
1744189200,0.007846153846152495,0.0
1744190100,0.005986425339365542,0.0
1744191000,0.011552036199091715,0.0
1744191900,0.013953846153853526,0.0
1744192800,0.09069999999999823,0.0
1744193700,0.12796153846154112,0.0
1744194600,0.043117408906880414,0.0
1744195500,0.009849624060144875,0.0
1744196400,0.004171428571432038,0.0
1744197300,0.006399999999999281,0.0
1744198200,0.009210526315790434,0.0
1744199100,0.00778947368420545,0.0
1744200000,0.003500000000002487,0.0
1744200900,0.0060454545454575615,0.0
1744201800,0.009954545454547761,0.0
1744202700,0.005999999999993113,0.0
1744203600,0.0038333333333397867,0.0
1744204500,0.00610416666666679,0.0
1744205400,0.010762499999998447,0.0
1744206300,0.007569230769227878,0.0
1744207200,0.004286324786328064,0.0
1744208100,0.00844444444444291,0.0
1744209000,0.00883333333333523,0.0
1744209900,0.005266666666663853,0.0
1744210800,0.00451764705882594,0.0
1744211700,0.00888235294117832,0.0
1744212600,0.009352941176466328,0.0
1744213500,0.049522058823527,0.0
1744214400,0.08479166666666771,0.0
1744215300,0.0374242424242439,0.0
1744216200,0.04112337662337495,0.0
1744217100,0.01573308270676675,0.0
1744218000,0.020052631578948862,0.0
1744218900,0.023052631578948976,0.0
1744219800,0.01794736842104781,0.0
1744220700,0.052000000000006694,0.0
1744221600,0.0921249999999958,0.0
1744222500,0.024336538461540148,0.0
1744223400,0.022384615384616773,0.0
1744224300,0.01822051282051261,0.0
1744225200,0.022433333333331962,0.0
1744226100,0.01800000000000067,0.0
1744227000,0.0059615384615412294,0.0
1744227900,0.005913461538455053,0.0
1744228800,0.00892500000000494,0.0
1744229700,0.010972727272729786,0.0
1744230600,0.009460606060599723,0.0
1744231500,0.013266666666666522,0.0
1744232400,0.02349999999999851,0.0
1744233300,0.024576923076921275,0.0
1744234200,0.015870445344134496,0.0
1744235100,0.017252631578948286,0.0
1744236000,0.025799999999996708,0.0
1744236900,0.018947368421052588,0.0
1744237800,0.015338345864662971,0.0
1744238700,0.024297619047622728,0.0
1744239600,0.02152777777777714,0.0
1744240500,0.01970707070707077,0.0
1744241400,0.01657070707070572,0.0
1744242300,0.018611111111113125,0.0
1744243200,0.021923076923073378,0.0
1744244100,0.01969230769230989,0.0
1744245000,0.01585520361990687,0.0
1744245900,0.015529411764703108,0.0
1744246800,0.009263157894736184,0.0
1744247700,0.0029676113360323983,0.0
1744248600,0.005019230769235593,0.0
1744249500,0.00808333333333165,0.0
1744250400,0.01144444444444303,0.0
1744251300,0.004972222222228589,0.0
1744252200,0.006249999999994306,0.0
1744253100,0.008571428571428884,0.0
1744254000,0.008428571428574099,0.0
1744254900,0.004769230769234403,0.0
1744255800,0.007280769230760592,0.0
1744256700,0.009313636363636127,0.0
1744257600,0.006303030303030242,0.0
1744258500,0.0036862745098105018,0.0
1744259400,0.0071207430340578335,0.0
1744260300,0.009064777327928633,0.0
1744261200,0.00576923076923207,0.0
1744262100,0.005358974358976798,0.0
1744263000,0.008483333333330715,0.0
1744263900,0.00810000000000597,0.0
1744264800,0.005083333333331537,0.0
1744265700,0.003999999999997773,0.0
1744266600,0.007354166666665651,0.0
1744267500,0.011379166666664265,0.0
1744268400,0.0037333333333364666,0.0
1744269300,0.003533333333336932,0.0
1744270200,0.011282051282044835,0.0
1744271100,0.009184615384619111,0.0
1744272000,0.0030947368421010246,0.0
1744272900,0.004292763157891933,0.0
1744273800,0.009612500000010005,0.0
1744274700,0.009599999999998936,0.0
1744275600,0.0035999999999916017,0.0
1744276500,0.005200000000002084,0.0
1744277400,0.00892500000000495,0.0
1744278300,0.00869318181818101,0.0
1744279200,0.02018181818181829,0.0
1744280100,0.05088888888888476,0.0
1744281000,0.042361111111112834,0.0
1744281900,0.005750000000006126,0.0
1744282800,0.003285714285709665,0.0
1744283700,0.005992063492065816,0.0
1744284600,0.009922222222222382,0.0
1744285500,0.006599999999991715,0.0
1744286400,0.004018181818182131,0.0
1744287300,0.012896103896110834,0.0
1744288200,0.009608294930877991,0.0
1744289100,0.003870967741931945,0.0
1744290000,0.0036888045540805865,0.0
1744290900,0.008546218487396106,0.0
1744291800,0.010725274725274396,0.0
1744292700,0.0031961538461544483,0.0
1744293600,0.004049999999999433,0.0
1744294500,0.010099999999994216,0.0
1744295400,0.008099999999998872,0.0
1744296300,0.004400000000003946,0.0
1744297200,0.00684615384615483,0.0
1744298100,0.010953846153846307,0.0
1744299000,0.004849999999997566,0.0
1744299900,0.00353181818181979,0.0
1744300800,0.03369318181817959,0.0
1744301700,0.09112499999999812,0.0
1744302600,0.08909090909091333,0.0
1744303500,0.003909090909090186,0.0
1744304400,0.01090909090908808,0.0
1744305300,0.007709956709959419,0.0
1744306200,0.007380952380955796,0.0
1744307100,0.018692307692305107,0.0
1744308000,0.022044534412955827,0.0
1744308900,0.023081339712916805,0.0
1744309800,0.05951515151514997,0.0
1744310700,0.03408771929824893,0.0
1744311600,0.041814241486072476,0.0
1744312500,0.15409803921568255,0.0
1744313400,0.28566666666666407,0.0
1744314300,0.11805882352940954,0.0
1744315200,0.02594117647058879,0.0
1744316100,0.022692307692310003,0.0
1744317000,0.019307692307691564,0.0
1744317900,0.021545454545453407,0.0
1744318800,0.02603349282296817,0.0
1744319700,0.017976608187133522,0.0
1744320600,0.025555555555555987,0.0
1744321500,0.020300653594773607,0.0
1744322400,0.014159663865541442,0.0
1744323300,0.01082857142857561,0.0
1744324200,0.013100000000001432,0.0
1744325100,0.01357142857142434,0.0
1744326000,0.009484126984126812,0.0
1744326900,0.012611111111112901,0.0
1744327800,0.016833333333330806,0.0
1744328700,0.01078947368421266,0.0
1744329600,0.010010526315795671,0.0
1744330500,0.01877142857142643,0.0
1744331400,0.010428571428569438,0.0
1744332300,0.006117647058822215,0.0
1744333200,0.010349019607843948,0.0
1744334100,0.011676190476187278,0.0
1744335000,0.006107142857146633,0.0
1744335900,0.00434999999999518,0.0
1744336800,0.009505263157897995,0.0
1744337700,0.009680451127820771,0.0
1744338600,0.00497899159663716,0.0
1744339500,0.005457516339866673,0.0
1744340400,0.012152777777778559,0.0
1744341300,0.007875000000005619,0.0
1744342200,0.004568181818179073,0.0
1744343100,0.007981818181818303,0.0
1744344000,0.012199999999999978,0.0
1744344900,0.006750000000003798,0.0
1744345800,0.004821428571425192,0.0
1744346700,0.008375939849621242,0.0
1744347600,0.009252631578945614,0.0
1744348500,0.00655000000000427,0.0
1744349400,0.0038499999999999,0.0
1744350300,0.008000000000002663,0.0
1744351200,0.011630769230762889,0.0
1744352100,0.00565158371041007,0.0
1744353000,0.0037176470588207015,0.0
1744353900,0.010400000000004173,0.0
1744354800,0.010117647058819994,0.0
1744355700,0.004574660633487312,0.0
1744356600,0.0046761133603183515,0.0
1744357500,0.007988721804515804,0.0
1744358400,0.011054621848735725,0.0
1744359300,0.004588235294121985,0.0
1744360200,0.007238095238093915,0.0
1744361100,0.031125541125540206,0.0
1744362000,0.04256493506493796,0.0
1744362900,0.04140476190475794,0.0
1744363800,0.032666666666671056,0.0
1744364700,0.023785714285715184,0.0
1744365600,0.019978991596637734,0.0
1744366500,0.018901960784312152,0.0
1744367400,0.018175438596486498,0.0
1744368300,0.01615789473684968,0.0
1744369200,0.00950000000000271,0.0
1744370100,0.007499999999993161,0.0
1744371000,0.014894736842101946,0.0
1744371900,0.0171052631579016,0.0
1744372800,0.007437500000001748,0.0
1744373700,0.004062499999996295,0.0
1744374600,0.009552631578948463,0.0
1744375500,0.010947368421049911,0.0
1744376400,0.004380952380955683,0.0
1744377300,0.004619047619044617,0.0
1744378200,0.010833333333330579,0.0
1744379100,0.010833333333337684,0.0
1744380000,0.004833333333337451,0.0
1744380900,0.007346153846150103,0.0
1744381800,0.011868131868126835,0.0
1744382700,0.007443609022558902,0.0
1744383600,0.006018575851392415,0.0
1744384500,0.010914438502673807,0.0
1744385400,0.011575757575762664,0.0
1744386300,0.005761904761904173,0.0
1744387200,0.010971428571423287,0.0
1744388100,0.007968421052630943,0.0
1744389000,0.004904306220097947,0.0
1744389900,0.009477272727266934,0.0
1744390800,0.010472222222226425,0.0
1744391700,0.005555555555559973,0.0
1744392600,0.07727777777778044,0.0
1744393500,0.1302777777777706,0.0
1744394400,0.031666666666666274,0.0
1744395300,0.0200909090909107,0.0
1744396200,0.02579144385026665,0.0
1744397100,0.01883193277311078,0.0
1744398000,0.018063492063490103,0.0
1744398900,0.02422222222222813,0.0
1744399800,0.024499999999996185,0.0
1744400700,0.03359090909091122,0.0
1744401600,0.14798601398600653,0.0
1744402500,0.16755465587044682,0.0
1744403400,0.13607430340557158,0.0
1744404300,0.10429411764706485,0.0
1744405200,0.037571428571425244,0.0
1744406100,0.016628571428569203,0.0
1744407000,0.022300000000001305,0.0
1744407900,0.021250000000001972,0.0
1744408800,0.023749999999999705,0.0
1744409700,0.019566666666669612,0.0
1744410600,0.0255333333333354,0.0
1744411500,0.026066666666665118,0.0
1744412400,0.016491228070172764,0.0
1744413300,0.01669924812030386,0.0
1744414200,0.029415584415580998,0.0
1744415100,0.025315508021392923,0.0
1744416000,0.014224264705880776,0.0
1744416900,0.011481617647064003,0.0
1744417800,0.011483660130714649,0.0
1744418700,0.0037222222222226134,0.0
1744419600,0.004312499999997485,0.0
1744420500,0.009823863636363213,0.0
1744421400,0.009122257053292044,0.0
1744422300,0.005172413793104605,0.0
1744423200,0.010506465517238424,0.0
1744424100,0.00941964285714646,0.0
1744425000,0.004392857142853746,0.0
1744425900,0.004573529411764798,0.0
1744426800,0.00917647058823688,0.0
1744427700,0.009166666666672525,0.0
1744428600,0.0034333333333265033,0.0
1744429500,0.009471428571430341,0.0
1744430400,0.009261904761906685,0.0
1744431300,0.00501960784313836,0.0
1744432200,0.00378039215686242,0.0
1744433100,0.009366666666664959,0.0
1744434000,0.009366666666664959,0.0
1744434900,0.00378039215686242,0.0
1744435800,0.004852941176473265,0.0
1744436700,0.009300000000003186,0.0
1744437600,0.009046153846149698,0.0
1744438500,0.0038380566801592252,0.0
1744439400,0.006679425837319269,0.0
1744440300,0.010583732057419576,0.0
1744441200,0.005830409356725843,0.0
1744442100,0.0038011695906447953,0.0
1744443000,0.008805668016194082,0.0
1744443900,0.010215384615385393,0.0
1744444800,0.0035333333333298265,0.0
1744445700,0.005235087719299242,0.0
1744446600,0.008323886639672632,0.0
1744447500,0.010307692307698336,0.0
1744448400,0.003799999999998238,0.0
1744449300,0.0065636363636372074,0.0
1744450200,0.011944055944056231,0.0
1744451100,0.01956730769230574,0.0
1744452000,0.03077205882352984,0.0
1744452900,0.057660633484161394,0.0
1744453800,0.12249230769230479,0.0
1744454700,0.07373846153846841,0.0
1744455600,0.027086538461539068,0.0
1744456500,0.020041666666664057,0.0
1744457400,0.015333333333330739,0.0
1744458300,0.019363636363635788,0.0
1744459200,0.02763636363636122,0.0
1744460100,0.022916666666667126,0.0
1744461000,0.0170833333333391,0.0
1744461900,0.01500000000000055,0.0
1744462800,0.011666666666663144,0.0
1744463700,0.004111111111114942,0.0
1744464600,0.00631313131313504,0.0
1744465500,0.010119617224873416,0.0
1744466400,0.019003759398493962,0.0
1744467300,0.025385714285718557,0.0
1744468200,0.03345882352940775,0.0
1744469100,0.08894117647059117,0.0
1744470000,0.07061111111111273,0.0
1744470900,0.021588888888892644,0.0
1744471800,0.025299999999994317,0.0
1744472700,0.01870000000000259,0.0
1744473600,0.01937142857142503,0.0
1744474500,0.013736263736269886,0.0
1744475400,0.005692307692299879,0.0
1744476300,0.009058823529414882,0.0
1744477200,0.009541176470584372,0.0
1744478100,0.00400000000000488,0.0
1744479000,0.007542857142858837,0.0
1744479900,0.01210714285713264,0.0
1744480800,0.007434210526319863,0.0
1744481700,0.008392712550609353,0.0
1744482600,0.015065934065937354,0.0
1744483500,0.014436090225565558,0.0
1744484400,0.016882591093114727,0.0
1744485300,0.030230769230769273,0.0
1744486200,0.09388663967610711,0.0
1744487100,0.09542105263157907,0.0
1744488000,0.02949999999999874,0.0
1744488900,0.027375000000006353,0.0
1744489800,0.01869642857143104,0.0
1744490700,0.019369747899162338,0.0
1744491600,0.0195851393188775,0.0
1744492500,0.019473684210531403,0.0
1744493400,0.01874999999999714,0.0
1744494300,0.023678571428568756,0.0
1744495200,0.023983193277317114,0.0
1744496100,0.02058823529411312,0.0
1744497000,0.022437500000002324,0.0
1744497900,0.019720394736843606,0.0
1744498800,0.016751196172243955,0.0
1744499700,0.006590909090910196,0.0
1744500600,0.008833333333335237,0.0
1744501500,0.016952380952382367,0.0
1744502400,0.011214285714288496,0.0
1744503300,0.0063124999999999345,0.0
1744504200,0.011330357142853116,0.0
1744505100,0.008751879699246934,0.0
1744506000,0.004188596491225361,0.0
1744506900,0.008916666666671331,0.0
1744507800,0.009049999999994889,0.0
1744508700,0.006950000000003335,0.0
1744509600,0.005461538461538839,0.0
1744510500,0.00803846153845454,0.0
1744511400,0.008833333333335231,0.0
1744512300,0.008166666666674866,0.0
1744513200,0.0051315789473633635,0.0
1744514100,0.011095693779907361,0.0
1744515000,0.0099043062200934,0.0
1744515900,0.00396842105263316,0.0
1744516800,0.006000000000000222,0.0
1744517700,0.009282352941177404,0.0
1744518600,0.008572192513362603,0.0
1744519500,0.004650717703349002,0.0
1744520400,0.0086725146198887,0.0
1744521300,0.011597222222221138,0.0
1744522200,0.004519736842105695,0.0
1744523100,0.0034385964912288882,0.0
1744524000,0.009484848484845536,0.0
1744524900,0.010431818181821479,0.0
1744525800,0.004083333333333873,0.0
1744526700,0.006974358974353823,0.0
1744527600,0.009376518218630265,0.0
1744528500,0.00785425101214086,0.0
1744529400,0.00479487179487136,0.0
1744530300,0.0073809523809487,0.0
1744531200,0.009194805194809407,0.0
1744532100,0.00755244755244887,0.0
1744533000,0.0035384615384614817,0.0
1744533900,0.008666666666670143,0.0
1744534800,0.013641025641021536,0.0
1744535700,0.00735897435897214,0.0
1744536600,0.03601754385964994,0.0
1744537500,0.04311578947368133,0.0
1744538400,0.028023529411768774,0.0
1744539300,0.023605042016804127,0.0
1744540200,0.03315476190476828,0.0
1744541100,0.03152777777777514,0.0
1744542000,0.02281746031745512,0.0
1744542900,0.02957142857142968,0.0
1744543800,0.03031250000000084,0.0
1744544700,0.02457211538461478,0.0
1744545600,0.031015384615386655,0.0
1744546500,0.01991249999999666,0.0
1744547400,0.016452205882359284,0.0
1744548300,0.024768627450981733,0.0
1744549200,0.030466666666661972,0.0
1744550100,0.024666666666668377,0.0
1744551000,0.02888888888889339,0.0
1744551900,0.03138888888888401,0.0
1744552800,0.022722222222220968,0.0
1744553700,0.021333333333330966,0.0
1744554600,0.02237500000000379,0.0
1744555500,0.015374999999998789,0.0
1744556400,0.014450000000003618,0.0
1744557300,0.05546666666666056,0.0
1744558200,0.16433333333333877,0.0
1744559100,0.13346153846153186,0.0
1744560000,0.22753846153846524,0.0
1744560900,0.35960000000000036,0.0
1744561800,0.2440923076923056,0.0
1744562700,0.05855769230769424,0.0
1744563600,0.031687499999996746,0.0
1744564500,0.02861805555556173,0.0
1744565400,0.02244444444444581,0.0
1744566300,0.02533333333332875,0.0
1744567200,0.03058974358974352,0.0
1744568100,0.031576923076926264,0.0
1744569000,0.02379411764705707,0.0
1744569900,0.03016042780748762,0.0
1744570800,0.027323232323233512,0.0
1744571700,0.0200222222222166,0.0
1744572600,0.02219999999999799,0.0
1744573500,0.026466666666671287,0.0
1744574400,0.018456410256412415,0.0
1744575300,0.008410256410250831,0.0
1744576200,0.009333333333337617,0.0
1744577100,0.01293333333333633,0.0
1744578000,0.01239999999999951,0.0
1744578900,0.00907692307691831,0.0
1744579800,0.02478021978021871,0.0
1744580700,0.025642857142862838,0.0
1744581600,0.018812499999995666,0.0
1744582500,0.01828125000000113,0.0
1744583400,0.021713942307691515,0.0
1744584300,0.02597802197801967,0.0
1744585200,0.017647619047622236,0.0
1744586100,0.02190000000000224,0.0
1744587000,0.022696078431366108,0.0
1744587900,0.01993212669683685,0.0
1744588800,0.015950226244342485,0.0
1744589700,0.016721568627453092,0.0
1744590600,0.012558974358967115,0.0
1744591500,0.004412955465589596,0.0
1744592400,0.004294736842112435,0.0
1744593300,0.012599999999991934,0.0
1744594200,0.0069047619047637255,0.0
1744595100,0.0033260073260095004,0.0
1744596000,0.007435897435897223,0.0
1744596900,0.011666666666670255,0.0
1744597800,0.0073666666666625125,0.0
1744598700,0.004754545454545668,0.0
1744599600,0.008663101604277296,0.0
1744600500,0.009507352941177764,0.0
1744601400,0.006041666666668263,0.0
1744602300,0.004666666666665253,0.0
1744603200,0.008023809523812977,0.0
1744604100,0.01140756302520173,0.0
1744605000,0.004301960784317756,0.0
1744605900,0.005333333333332738,0.0
1744606800,0.010599999999996607,0.0
1744607700,0.008777777777780204,0.0
1744608600,0.003760683760688715,0.0
1744609500,0.008226244343887848,0.0
1744610400,0.026568627450977537,0.0
1744611300,0.035508771929826814,0.0
1744612200,0.022157894736842806,0.0
1744613100,0.015733333333336916,0.0
1744614000,0.0060035087719327775,0.0
1744614900,0.0034170040485790236,0.0
1744615800,0.007384615384616203,0.0
1744616700,0.010024038461537536,0.0
1744617600,0.005790441176472413,0.0
1744618500,0.0031470588235293718,0.0
1744619400,0.006749999999996685,0.0
1744620300,0.00957352941176025,0.0
1744621200,0.006509803921574064,0.0
1744622100,0.004166666666662867,0.0
1744623000,0.00944117647058816,0.0
1744623900,0.008925490196084228,0.0
1744624800,0.00378039215686242,0.0
1744625700,0.006019607843136027,0.0
1744626600,0.09066666666667089,0.0
1744627500,0.07271666666665766,0.0
1744628400,0.009350000000004846,0.0
1744629300,0.019799999999996477,0.0
1744630200,0.015399999999999634,0.0
1744631100,0.010114285714287515,0.0
1744632000,0.01250793650793724,0.0
1744632900,0.016111111111108297,0.0
1744633800,0.017607843137255937,0.0
1744634700,0.012058823529415001,0.0
1744635600,0.022384615384609664,0.0
1744636500,0.01894871794872443,0.0
1744637400,0.011999999999993337,0.0
1744638300,0.010508771929828223,0.0
1744639200,0.017066985645932658,0.0
1744640100,0.016313131313133042,0.0
1744641000,0.014527777777779232,0.0
1744641900,0.026019230769229282,0.0
1744642800,0.023630769230770447,0.0
1744643700,0.009810526315789036,0.0
1744644600,0.00978947368420789,0.0
1744645500,0.017823529411764117,0.0
1744646400,0.019509803921572193,0.0
1744647300,0.00872549019607759,0.0
1744648200,0.009052287581695835,0.0
1744649100,0.009838888888893383,0.0
1744650000,0.005461764705877655,0.0
1744650900,0.004126696832578587,0.0
1744651800,0.011307692307696,0.0
1744652700,0.01168016194331754,0.0
1744653600,0.011973684210531122,0.0
1744654500,0.028437499999995442,0.0
1744655400,0.02093750000000226,0.0
1744656300,0.014775000000000196,0.0
1744657200,0.0143500000000003,0.0
1744658100,0.01592307692307314,0.0
1744659000,0.006876923076923439,0.0
1744659900,0.003738461538461015,0.0
1744660800,0.011461538461546171,0.0
1744661700,0.012235294117637342,0.0
1744662600,0.016264705882356612,0.0
1744663500,0.027558823529410848,0.0
1744664400,0.027869747899160285,0.0
1744665300,0.027321428571433142,0.0
1744666200,0.02119444444443984,0.0
1744667100,0.024191919191920864,0.0
1744668000,0.02793506493506469,0.0
1744668900,0.0170535714285691,0.0
1744669800,0.01679605263157667,0.0
1744670700,0.021578947368425347,0.0
1744671600,0.01578947368421522,0.0
1744672500,0.006028708133968035,0.0
1744673400,0.01065240641710828,0.0
1744674300,0.009396078431372228,0.0
1744675200,0.004287179487178596,0.0
1744676100,0.006646153846155295,0.0
1744677000,0.010914285714285639,0.0
1744677900,0.00628571428571688,0.0
1744678800,0.0038181818181826,0.0
1744679700,0.011181818181817944,0.0
1744680600,0.009315789473681934,0.0
1744681500,0.005469924812032892,0.0
1744682400,0.006445054945054091,0.0
1744683300,0.009242914979758144,0.0
1744684200,0.008954887218038703,0.0
1744685100,0.005000000000002548,0.0
1744686000,0.008571428571428886,0.0
1744686900,0.011538461538464152,0.0
1744687800,0.0046615384615407065,0.0
1744688700,0.00394285714285302,0.0
1744689600,0.009857142857143219,0.0
1744690500,0.00975000000000391,0.0
1744691400,0.0038499999999927936,0.0
1744692300,0.007542857142858837,0.0
1744693200,0.01085714285714799,0.0
1744694100,0.007555555555555302,0.0
1744695000,0.006666666666667695,0.0
1744695900,0.026396825396822966,0.0
1744696800,0.036964285714283555,0.0
1744697700,0.027185897435899158,0.0
1744698600,0.011599190283398274,0.0
1744699500,0.011540669856458397,0.0
1744700400,0.006233766233769691,0.0
1744701300,0.003172932330826918,0.0
1744702200,0.00968421052630928,0.0
1744703100,0.009263157894736184,0.0
1744704000,0.002967611336039505,0.0
1744704900,0.005769230769232073,0.0
1744705800,0.009999999999998,0.0
1744706700,0.008571428571428886,0.0
1744707600,0.006580086580086673,0.0
1744708500,0.00772727272727279,0.0
1744709400,0.007621212121215125,0.0
1744710300,0.00485294117646616,0.0
1744711200,0.00494117647058799,0.0
1744712100,0.008205882352939385,0.0
1744713000,0.03826923076923094,0.0
1744713900,0.08073076923077593,0.0
1744714800,0.06368181818181283,0.0
1744715700,0.11158741258741145,0.0
1744716600,0.14280219780219738,0.0
1744717500,0.1934285714285764,0.0
1744718400,0.15581249999999613,0.0
1744719300,0.01339802631579089,0.0
1744720200,0.013789473684212778,0.0
1744721100,0.025312499999998284,0.0
1744722000,0.017505681818178676,0.0
1744722900,0.02556643356643206,0.0
1744723800,0.019615384615391904,0.0
1744724700,0.015312499999993161,0.0
1744725600,0.01802083333333825,0.0
1744726500,0.029212121212118795,0.0
1744727400,0.020454545454541048,0.0
1744728300,0.01050000000000039,0.0
1744729200,0.010916666666673784,0.0
1744730100,0.01101190476190082,0.0
1744731000,0.00588721804511748,0.0
1744731900,0.009100877192985015,0.0
1744732800,0.030516666666663625,0.0
1744733700,0.044066666666665796,0.0
1744734600,0.032647058823528134,0.0
1744735500,0.02526960784314268,0.0
1744736400,0.02692543859648565,0.0
1744737300,0.019430622009572556,0.0
1744738200,0.02543315508020781,0.0
1744739100,0.028294117647064344,0.0
1744740000,0.027000000000001016,0.0
1744740900,0.023714285714284238,0.0
1744741800,0.09955844155844318,0.0
1744742700,0.08925358851674048,0.0
1744743600,0.03953618421052595,0.0
1744744500,0.030392045454547646,0.0
1744745400,0.0290454545454537,0.0
1744746300,0.022416666666664746,0.0
1744747200,0.03135000000000331,0.0
1744748100,0.04279999999999972,0.0
1744749000,0.0331333333333319,0.0
1744749900,0.019133333333329,0.0
1744750800,0.020666666666670604,0.0
1744751700,0.029250000000004654,0.0
1744752600,0.024592105263153013,0.0
1744753500,0.018311740890688082,0.0
1744754400,0.02934615384615567,0.0
1744755300,0.02714705882353029,0.0
1744756200,0.020619607843137537,0.0
1744757100,0.022233333333332436,0.0
1744758000,0.032000000000003574,0.0
1744758900,0.033928571428567963,0.0
1744759800,0.022100840336129572,0.0
1744760700,0.027470588235296124,0.0
1744761600,0.02100000000000079,0.0
1744762500,0.01800000000000068,0.0
1744763400,0.02050000000000551,0.0
1744764300,0.020289473684208293,0.0
1744765200,0.021067669172929,0.0
1744766100,0.020642857142860287,0.0
1744767000,0.020078947368418185,0.0
1744767900,0.021036437246962678,0.0
1744768800,0.023717948717951732,0.0
1744769700,0.015508771929823677,0.0
1744770600,0.018687306501547575,0.0
1744771500,0.023553921568627328,0.0
1744772400,0.018983333333331125,0.0
1744773300,0.01771111111111167,0.0
1744774200,0.022638888888891977,0.0
1744775100,0.023083333333332227,0.0
1744776000,0.014099999999999103,0.0
1744776900,0.012576470588236062,0.0
1744777800,0.010609243697480491,0.0
1744778700,0.006214285714285939,0.0
1744779600,0.005666666666662923,0.0
1744780500,0.008333333333339953,0.0
1744781400,0.009647058823524884,0.0
1744782300,0.0041711229946557035,0.0
1744783200,0.008931818181814311,0.0
1744784100,0.016249999999999418,0.0
1744785000,0.017842105263156313,0.0
1744785900,0.01685020242914702,0.0
1744786800,0.048507692307694576,0.0
1744787700,0.038569230769233784,0.0
1744788600,0.015619658119653917,0.0
1744789500,0.01671637426900928,0.0
1744790400,0.021450292397659596,0.0
1744791300,0.0156944444444491,0.0
1744792200,0.008249999999996744,0.0
1744793100,0.009558823529410173,0.0
1744794000,0.006941176470590444,0.0
1744794900,0.004000000000004882,0.0
1744795800,0.007777777777775429,0.0
1744796700,0.009222222222220449,0.0
1744797600,0.0054285714285668835,0.0
1744798500,0.005340659340660625,0.0
1744799400,0.010164102564104372,0.0
1744800300,0.00756666666666915,0.0
1744801200,0.0036538461538455484,0.0
1744802100,0.008004048582996843,0.0
1744803000,0.00984210526315364,0.0
1744803900,0.005105263157894041,0.0
1744804800,0.005572156196947713,0.0
1744805700,0.009193548387095513,0.0
1744806600,0.007462365591401004,0.0
1744807500,0.004095238095231925,0.0
1744808400,0.0064537815126044455,0.0
1744809300,0.010673202614384533,0.0
1744810200,0.006349206349206312,0.0
1744811100,0.0035497835497792884,0.0
1744812000,0.009212121212122774,0.0
1744812900,0.009761904761901967,0.0
1744813800,0.004071428571428718,0.0
1744814700,0.0062500000000014115,0.0
1744815600,0.010050000000006769,0.0
1744816500,0.0066615384615360505,0.0
1744817400,0.007871794871789444,0.0
1744818300,0.009500000000002706,0.0
1744819200,0.005519607843140742,0.0
1744820100,0.003932773109241327,0.0
1744821000,0.006451127819545365,0.0
1744821900,0.00935406698565088,0.0
1744822800,0.006709090909090768,0.0
1744823700,0.002999999999993,0.0
1744824600,0.006485714285716418,0.0
1744825500,0.012142857142862335,0.0
1744826400,0.003983193277306885,0.0
1744827300,0.007088235294119712,0.0
1744828200,0.010611111111110455,0.0
1744829100,0.005771241830061047,0.0
1744830000,0.004117647058826875,0.0
1744830900,0.00900000000000033,0.0
1744831800,0.009999999999998,0.0
1744832700,0.004095238095239022,0.0
1744833600,0.004092261904766285,0.0
1744834500,0.010145833333332617,0.0
1744835400,0.00888888888889027,0.0
1744836300,0.0029444444444450737,0.0
1744837200,0.006924242424240376,0.0
1744838100,0.012242424242423037,0.0
1744839000,0.0036666666666604736,0.0
1744839900,0.0038666666666671134,0.0
1744840800,0.010466666666673051,0.0
1744841700,0.009166666666665425,0.0
1744842600,0.0036176470588244886,0.0
1744843500,0.00888235294117832,0.0
1744844400,0.008699999999997472,0.0
1744845300,0.0041571428571458464,0.0
1744846200,0.00414285714285255,0.0
1744847100,0.009909090909090408,0.0
1744848000,0.00920855614973702,0.0
1744848900,0.0035294117647026546,0.0
1744849800,0.00901960784313614,0.0
1744850700,0.009183333333332643,0.0
1744851600,0.004750000000001353,0.0
1744852500,0.004581818181819121,0.0
1744853400,0.011193181818178733,0.0
1744854300,0.007874999999998512,0.0
1744855200,0.0030833333333362034,0.0
1744856100,0.007166666666670085,0.0
1744857000,0.010205882352941833,0.0
1744857900,0.005427450980391758,0.0
1744858800,0.00364444444443989,0.0
1744859700,0.009722222222222849,0.0
1744860600,0.010166666666670203,0.0
1744861500,0.004190476190473183,0.0
1744862400,0.00725396825396984,0.0
1744863300,0.009427350427351645,0.0
1744864200,0.004890109890105505,0.0
1744865100,0.0033492063492061982,0.0
1744866000,0.011633986928110554,0.0
1744866900,0.007921568627452287,0.0
1744867800,0.003205128205124187,0.0
1744868700,0.0059615384615412294,0.0
1744869600,0.008576923076923027,0.0
1744870500,0.009323076923074306,0.0
1744871400,0.0035999999999986984,0.0
1744872300,0.00600000000000021,0.0
1744873200,0.012500000000002827,0.0
1744874100,0.004264705882349047,0.0
1744875000,0.0047908496732062935,0.0
1744875900,0.00837301587301197,0.0
1744876800,0.008917582417588216,0.0
1744877700,0.004036199095018832,0.0
1744878600,0.007058823529412435,0.0
1744879500,0.010877005347587941,0.0
1744880400,0.005181818181824825,0.0
1744881300,0.00488235294117344,0.0
1744882200,0.010784313725494587,0.0
1744883100,0.0074285714285693225,0.0
1744884000,0.003268398268396293,0.0
1744884900,0.007936363636360952,0.0
1744885800,0.009700000000002247,0.0
1744886700,0.005909090909085524,0.0
1744887600,0.005143540669862993,0.0
1744888500,0.007888544891642363,0.0
1744889400,0.008877005347592611,0.0
1744890300,0.00475324675324628,0.0
1744891200,0.00774436090225093,0.0
1744892100,0.008484210526319185,0.0
1744893000,0.0063600000000008,0.0
1744893900,0.005399999999994515,0.0
1744894800,0.008773333333337501,0.0
1744895700,0.008666666666670134,0.0
1744896600,0.004857142857140663,0.0
1744897500,0.006904761904763738,0.0
1744898400,0.008315018315016678,0.0
1744899300,0.006570135746606797,0.0
1744900200,0.0040196078431335835,0.0
1744901100,0.009833333333332908,0.0
1744902000,0.008812499999997652,0.0
1744902900,0.00386931818182033,0.0
1744903800,0.007929292929297553,0.0
1744904700,0.009196581196576396,0.0
1744905600,0.00580995475113609,0.0
1744906500,0.0037490196078451147,0.0
1744907400,0.009133333333330983,0.0
1744908300,0.009647058823531987,0.0
1744909200,0.0036029411764672966,0.0
1744910100,0.007150000000002867,0.0
1744911000,0.011742857142856156,0.0
1744911900,0.0048571428571406615,0.0
1744912800,0.0042222222222250035,0.0
1744913700,0.009277777777775494,0.0
1744914600,0.009000000000000336,0.0
1744915500,0.003944444444442741,0.0
1744916400,0.0067969348658962715,0.0
1744917300,0.009827586206895942,0.0
1744918200,0.0061810344827648534,0.0
1744919100,0.003632352941174575,0.0
1744920000,0.00774264705882642,0.0
1744920900,0.01104166666666372,0.0
1744921800,0.00479487179487136,0.0
1744922700,0.007788461538467556,0.0
1744923600,0.009980769230764944,0.0
1744924500,0.004969230769233935,0.0
1744925400,0.0032999999999958536,0.0
1744926300,0.008699999999997479,0.0
1744927200,0.009599999999998934,0.0
1744928100,0.003533333333336932,0.0
1744929000,0.007512820512822303,0.0
1744929900,0.009778846153849921,0.0
1744930800,0.006059210526309731,0.0
1744931700,0.004093567251466346,0.0
1744932600,0.010116959064326617,0.0
1744933500,0.008605263157889438,0.0
1744934400,0.004722222222227392,0.0
1744935300,0.007601307189538877,0.0
1744936200,0.007913312693496254,0.0
1744937100,0.0074853801169609685,0.0
1744938000,0.0037777777777847467,0.0
1744938900,0.006285714285709773,0.0
1744939800,0.011843317972349601,0.0
1744940700,0.003387096774190455,0.0
1744941600,0.00575659824047391,0.0
1744942500,0.01144155844155391,0.0
1744943400,0.0063428571428545254,0.0
1744944300,0.00342857142857865,0.0
1744945200,0.006247619047620378,0.0
1744946100,0.012766666666664138,0.0
1744947000,0.0052500000000037395,0.0
1744947900,0.0045833333333291535,0.0
1744948800,0.009000000000000329,0.0
1744949700,0.008666666666670143,0.0
1744950600,0.0034999999999953866,0.0
1744951500,0.010249999999999197,0.0
1744952400,0.007618421052633537,0.0
1744953300,0.0041700404858317905,0.0
1744954200,0.0069160839160815534,0.0
1744955100,0.0094928229665072,0.0
1744956000,0.006919298245612977,0.0
1744956900,0.004287179487178596,0.0
1744957800,0.00800404858300395,0.0
1744958700,0.008717105263151816,0.0
1744959600,0.005902777777777128,0.0
1744960500,0.00516339869281522,0.0
1744961400,0.007953560371511497,0.0
1744962300,0.009196172248806521,0.0
1744963200,0.004194805194806853,0.0
1744964100,0.007714285714285992,0.0
1744965000,0.009818181818182819,0.0
1744965900,0.005287081339709214,0.0
1744966800,0.003609022556389602,0.0
1744967700,0.00671904761904328,0.0
1744968600,0.009500000000002706,0.0
1744969500,0.006622222222226512,0.0
1744970400,0.0064444444444404685,0.0
1744971300,0.01055555555555542,0.0
1744972200,0.006777777777777763,0.0
1744973100,0.003431372549023577,0.0
1744974000,0.0075510835913305905,0.0
1744974900,0.010906432748534183,0.0
1744975800,0.005000000000002552,0.0
1744976700,0.005277777777777707,0.0
1744977600,0.008690476190473346,0.0
1744978500,0.008142857142864541,0.0
1744979400,0.0038888888888877118,0.0
1744980300,0.008239316239311725,0.0
1744981200,0.009244343891403151,0.0
1744982100,0.00504411764705991,0.0
1744983000,0.0044318181818141416,0.0
1744983900,0.009818181818189933,0.0
1744984800,0.009071428571424168,0.0
1744985700,0.0035285714285677615,0.0
1744986600,0.006150000000005193,0.0
1744987500,0.009062499999998842,0.0
1744988400,0.0074182692307687,0.0
1744989300,0.005905594405597009,0.0
1744990200,0.00784090909090906,0.0
1744991100,0.007840909090901954,0.0
1744992000,0.006048484848491847,0.0
1744992900,0.00563333333333559,0.0
1744993800,0.010884615384611598,0.0
1744994700,0.006720647773278169,0.0
1744995600,0.003394736842103878,0.0
1744996500,0.006500000000002606,0.0
1744997400,0.010333333333335293,0.0
1744998300,0.006333333333330403,0.0
1744999200,0.004179487179484893,0.0
1745000100,0.01115384615384583,0.0
1745001000,0.007421052631578095,0.0
1745001900,0.0038011695906447953,0.0
1745002800,0.006988304093574964,0.0
1745003700,0.008067251461980602,0.0
1745004600,0.007579365079365624,0.0
1745005500,0.0033928571428560764,0.0
1745006400,0.006749999999996692,0.0
1745007300,0.012777777777785089,0.0
1745008200,0.004810457516342111,0.0
1745009100,0.0037801857585080065,0.0
1745010000,0.008995215311010421,0.0
1745010900,0.009886363636361738,0.0
1745011800,0.00388333333333434,0.0
1745012700,0.006572549019601573,0.0
1745013600,0.008470588235297775,0.0
1745014500,0.006890196078430213,0.0
1745015400,0.004266666666666186,0.0
1745016300,0.01221212121212289,0.0
1745017200,0.008387878787878826,0.0
1745018100,0.003382456140350578,0.0
1745019000,0.005184210526316219,0.0
1745019900,0.011166666666667874,0.0
1745020800,0.006833333333332794,0.0
1745021700,0.003394736842103878,0.0
1745022600,0.005771929824561519,0.0
1745023500,0.010190476190473403,0.0
1745024400,0.00714285714285977,0.0
1745025300,0.0045714285714311045,0.0
1745026200,0.009323308270673163,0.0
1745027100,0.009505263157897995,0.0
1745028000,0.003799999999998238,0.0
1745028900,0.004050000000006535,0.0
1745029800,0.007867647058816356,0.0
1745030700,0.010739495798318888,0.0
1745031600,0.004342857142852088,0.0
1745032500,0.0079875000000058,0.0
1745033400,0.009612500000002907,0.0
1745034300,0.005699999999997362,0.0
1745035200,0.0038333333333326713,0.0
1745036100,0.008809523809524914,0.0
1745037000,0.010357142857145597,0.0
1745037900,0.004441176470585597,0.0
1745038800,0.003758823529409468,0.0
1745039700,0.007300000000000738,0.0
1745040600,0.011071428571426607,0.0
1745041500,0.0034285714285715485,0.0
1745042400,0.0056250000000019765,0.0
1745043300,0.009875000000000946,0.0
1745044200,0.007647058823529547,0.0
1745045100,0.0040196078431335835,0.0
1745046000,0.009333333333337628,0.0
1745046900,0.009058823529407779,0.0
1745047800,0.004479638009051698,0.0
1745048700,0.00479487179487136,0.0
1745049600,0.008843137254906692,0.0
1745050500,0.010323529411763826,0.0
1745051400,0.004357142857138277,0.0
1745052300,0.006642857142857386,0.0
1745053200,0.010269230769232243,0.0
1745054100,0.006452991452988491,0.0
1745055000,0.0031777777777790483,0.0
1745055900,0.008100000000005983,0.0
1745056800,0.010499999999993286,0.0
1745057700,0.004421052631577984,0.0
1745058600,0.00291228070175719,0.0
1745059500,0.008000000000002661,0.0
1745060400,0.01233333333333063,0.0
1745061300,0.0042156862745130605,0.0
1745062200,0.004689075630253095,0.0
1745063100,0.008484126984122023,0.0
1745064000,0.009722222222222838,0.0
1745064900,0.00444444444444513,0.0
1745065800,0.005895424836602097,0.0
1745066700,0.010882352941180775,0.0
1745067600,0.00619999999999975,0.0
1745068500,0.003399999999992067,0.0
1745069400,0.009399999999999402,0.0
1745070300,0.009250000000001528,0.0
1745071200,0.004350000000002285,0.0
1745072100,0.005614285714287335,0.0
1745073000,0.007992610837433736,0.0
1745073900,0.009310344827589736,0.0
1745074800,0.004927203065136602,0.0
1745075700,0.0055555555555528635,0.0
1745076600,0.01055555555555542,0.0
1745077500,0.006888888888887826,0.0
1745078400,0.0035555555555504183,0.0
1745079300,0.007687500000002942,0.0
1745080200,0.010312500000004814,0.0
1745081100,0.005571428571428775,0.0
1745082000,0.003928571428566832,0.0
1745082900,0.007884615384618593,0.0
1745083800,0.010482051282053814,0.0
1745084700,0.004133333333335535,0.0
1745085600,0.006999999999990775,0.0
1745086500,0.009199999999999863,0.0
1745087400,0.00713333333333565,0.0
1745088300,0.003666666666667585,0.0
1745089200,0.0063749999999984566,0.0
1745090100,0.010874999999998629,0.0
1745091000,0.0052500000000037395,0.0
1745091900,0.00527777777777771,0.0
1745092800,0.00875555555555962,0.0
1745093700,0.009540740740739287,0.0
1745094600,0.004444444444438024,0.0
1745095500,0.0062433862433905855,0.0
1745096400,0.008838095238090185,0.0
1745097300,0.007971428571430288,0.0
1745098200,0.0036507936507987836,0.0
1745099100,0.010686868686867955,0.0
1745100000,0.007985645933011633,0.0
1745100900,0.0036608187134490183,0.0
1745101800,0.004444444444445131,0.0
1745102700,0.011583333333334158,0.0
1745103600,0.007638888888891407,0.0
1745104500,0.003090277777772585,0.0
1745105400,0.007687500000002936,0.0
1745106300,0.009285714285716985,0.0
1745107200,0.005751322751322596,0.0
1745108100,0.0038888888888877,0.0
1745109000,0.01161952861952641,0.0
1745109900,0.007770334928231631,0.0
1745110800,0.0034342105263149686,0.0
1745111700,0.005249999999996637,0.0
1745112600,0.01135714285714328,0.0
1745113500,0.0073095238095248665,0.0
1745114400,0.0034385964912288882,0.0
1745115300,0.005457236842104845,0.0
1745116200,0.00890625000000255,0.0
1745117100,0.007762019230767682,0.0
1745118000,0.004615384615384238,0.0
1745118900,0.00837606837606585,0.0
1745119800,0.01055555555555542,0.0
1745120700,0.004222222222225,0.0
1745121600,0.0033333333333373915,0.0
1745122500,0.007952380952374927,0.0
1745123400,0.01221428571428617,0.0
1745124300,0.0037222222222226186,0.0
1745125200,0.0067777777777777585,0.0
1745126100,0.011000000000002768,0.0
1745127000,0.005200000000002081,0.0
1745127900,0.003399999999992067,0.0
1745128800,0.008400000000001727,0.0
1745129700,0.011230769230770913,0.0
1745130600,0.0041192307692341345,0.0
1745131500,0.0029833333333328816,0.0
1745132400,0.009254901960780142,0.0
1745133300,0.0108403361344571,0.0
1745134200,0.004071428571428718,0.0
1745135100,0.007038461538456878,0.0
1745136000,0.009408906882590867,0.0
1745136900,0.007052631578950738,0.0
1745137800,0.004461538461541175,0.0
1745138700,0.0065384615384615945,0.0
1745139600,0.008749999999992032,0.0
1745140500,0.007250000000006185,0.0
1745141400,0.003555555555557525,0.0
1745142300,0.006777777777777764,0.0
1745143200,0.01113725490196059,0.0
1745144100,0.004862745098037623,0.0
1745145000,0.004205128205128963,0.0
1745145900,0.009049773755656064,0.0
1745146800,0.011411764705876218,0.0
1745147700,0.004500000000007265,0.0
1745148600,0.004874999999998394,0.0
1745149500,0.010624999999997423,0.0
1745150400,0.007352941176470989,0.0
1745151300,0.003331269349843048,0.0
1745152200,0.0051729323308293594,0.0
1745153100,0.011233766233772242,0.0
1745154000,0.006909090909083199,0.0
1745154900,0.0035999999999987067,0.0
1745155800,0.008000000000002663,0.0
1745156700,0.011127272727279081,0.0
1745157600,0.00477272727272292,0.0
1745158500,0.004500000000000159,0.0
1745159400,0.009411764705880888,0.0
1745160300,0.00858823529411267,0.0
1745161200,0.0037777777777847567,0.0
1745162100,0.00555555555555286,0.0
1745163000,0.010128205128204096,0.0
1745163900,0.007288461538465173,0.0
1745164800,0.0036617647058818517,0.0
1745165700,0.00632156862744891,0.0
1745166600,0.011805128205125462,0.0
1745167500,0.005061538461539772,0.0
1745168400,0.004114285714287283,0.0
1745169300,0.011035714285711139,0.0
1745170200,0.00847222222222398,0.0
1745171100,0.003393162393166437,0.0
1745172000,0.005434615384615412,0.0
1745172900,0.008949999999998666,0.0
1745173800,0.009133333333330983,0.0
1745174700,0.0033666666666647264,0.0
1745175600,0.009083333333336423,0.0
1745176500,0.0100833333333341,0.0
1745177400,0.0037619047619017318,0.0
1745178300,0.0026380952380975348,0.0
1745179200,0.00826666666666397,0.0
1745180100,0.01183333333334245,0.0
1745181000,0.0038333333333326783,0.0
1745181900,0.007500000000000275,0.0
1745182800,0.008815789473679541,0.0
1745183700,0.007530364372470885,0.0
1745184600,0.0034170040485790236,0.0
1745185500,0.0054291497975711344,0.0
1745186400,0.012671328671331123,0.0
1745187300,0.005064935064929427,0.0
1745188200,0.0030259740259808016,0.0
1745189100,0.009656565656563027,0.0
1745190000,0.010017921146953762,0.0
1745190900,0.003387096774190455,0.0
1745191800,0.005594982078854103,0.0
1745192700,0.010730994152048349,0.0
1745193600,0.0074436090225589,0.0
1745194500,0.0035809523809504527,0.0
1745195400,0.008496969696970771,0.0
1745196300,0.008350649350646203,0.0
1745197200,0.006507936507936999,0.0
1745198100,0.004222222222225005,0.0
1745199000,0.009022222222220926,0.0
1745199900,0.009199999999999866,0.0
1745200800,0.004619047619044627,0.0
1745201700,0.003831932773110212,0.0
1745202600,0.008058823529417206,0.0
1745203500,0.01049019607842892,0.0
1745204400,0.004333333333335066,0.0
1745205300,0.005111111111105503,0.0
1745206200,0.008581196581197036,0.0
1745207100,0.010021978021981673,0.0
1745208000,0.003598214285709375,0.0
1745208900,0.007225961538466645,0.0
1745209800,0.00977188328912602,0.0
1745210700,0.0062068965517241064,0.0
1745211600,0.004070993914801571,0.0
1745212500,0.007245098039220452,0.0
1745213400,0.010595238095234542,0.0
1745214300,0.0046428571428620445,0.0
1745215200,0.004046218487395935,0.0
1745216100,0.009482352941169824,0.0
1745217000,0.010800000000003243,0.0
1745217900,0.0035285714285677615,0.0
1745218800,0.006785714285712161,0.0
1745219700,0.008571428571435991,0.0
1745220600,0.007142857142852665,0.0
1745221500,0.0045714285714311045,0.0
1745222400,0.00835294117646867,0.0
1745223300,0.008369281045752066,0.0
1745224200,0.0056111111111149916,0.0
1745225100,0.004166666666662865,0.0
1745226000,0.011346153846154993,0.0
1745226900,0.008259109311737213,0.0
1745227800,0.0038947368421133697,0.0
1745228700,0.004499999999993059,0.0
1745229600,0.010136363636362935,0.0
1745230500,0.00871657754010611,0.0
1745231400,0.0034248366013116417,0.0
1745232300,0.006222222222220345,0.0
1745233200,0.009499999999995618,0.0
1745234100,0.007038461538463985,0.0
1745235000,0.004328205128210519,0.0
1745235900,0.008056410256408233,0.0
1745236800,0.009340080971654157,0.0
1745237700,0.0062368421052667435,0.0
1745238600,0.0036052631578939814,0.0
1745239500,0.00751973684210581,0.0
1745240400,0.011249999999996858,0.0
1745241300,0.0056250000000019704,0.0
1745242200,0.004433333333338385,0.0
1745243100,0.009750877192985266,0.0
1745244000,0.008182456140346501,0.0
1745244900,0.0034458333333304684,0.0
1745245800,0.00618750000000288,0.0
1745246700,0.00900000000000033,0.0
1745247600,0.007500000000000275,0.0
1745248500,0.004421052631577984,0.0
1745249400,0.006578947368424782,0.0
1745250300,0.011266666666664078,0.0
1745251200,0.005733333333331805,0.0
1745252100,0.0037142857142882153,0.0
1745253000,0.005510204081630821,0.0
1745253900,0.0070408163265298545,0.0
1745254800,0.0070408163265298545,0.0
1745255700,0.007193877551017626,0.0
1745256600,0.00919230769230949,0.0
1745257500,0.009432692307697704,0.0
1745258400,0.003303571428567392,0.0
1745259300,0.006971428571432615,0.0
1745260200,0.010199999999997536,0.0
1745261100,0.006685714285715955,0.0
1745262000,0.003868131868131277,0.0
1745262900,0.010846153846152605,0.0
1745263800,0.008647058823527214,0.0
1745264700,0.004102941176469687,0.0
1745265600,0.004999999999995437,0.0
1745266500,0.01012500000000215,0.0
1745267400,0.00793145161290453,0.0
1745268300,0.00338709677419756,0.0
1745269200,0.008223118279566666,0.0
1745270100,0.00908333333333643,0.0
1745271000,0.005653846153847993,0.0
1745271900,0.0035961538461535135,0.0
1745272800,0.007874999999998512,0.0
1745273700,0.011458333333330005,0.0
1745274600,0.0041798245614046315,0.0
1745275500,0.003918660287084204,0.0
1745276400,0.010040404040402955,0.0
1745277300,0.009141414141410554,0.0
1745278200,0.004036363636366493,0.0
1745279100,0.0072250000000053495,0.0
1745280000,0.00858552631578389,0.0
1745280900,0.007567251461985322,0.0
1745281800,0.004097222222220845,0.0
1745282700,0.007425000000004881,0.0
1745283600,0.009881818181817425,0.0
1745284500,0.006103896103894608,0.0
1745285400,0.003714285714288217,0.0
1745286300,0.00842857142857411,0.0
1745287200,0.010438095238093572,0.0
1745288100,0.004287179487178596,0.0
1745289000,0.006081447963801158,0.0
1745289900,0.00889803921568698,0.0
1745290800,0.007513725490191787,0.0
1745291700,0.005315904139436593,0.0
1745292600,0.00888888888889026,0.0
1745293500,0.008455840455837907,0.0
1745294400,0.004597069597068057,0.0
1745295300,0.0033260073260095004,0.0
1745296200,0.008769230769232184,0.0
1745297100,0.010714285714286108,0.0
1745298000,0.003932773109241327,0.0
1745298900,0.00535294117646855,0.0
1745299800,0.009190476190475737,0.0
1745300700,0.00858730158730479,0.0
1745301600,0.004126984126983739,0.0
1745302500,0.004666666666665247,0.0
1745303400,0.010595238095234542,0.0
1745304300,0.00783333333333757,0.0
1745305200,0.0037500000000036866,0.0
1745306100,0.011249999999996858,0.0
1745307000,0.007300000000000738,0.0
1745307900,0.004699999999999693,0.0
1745308800,0.003421052631580315,0.0
1745309700,0.010467836257312506,0.0
1745310600,0.009111111111103286,0.0
1745311500,0.003142857142861985,0.0
1745312400,0.0053571428571430515,0.0
1745313300,0.011045454545453021,0.0
1745314200,0.007807486631016035,0.0
1745315100,0.00431372549019214,0.0
1745316000,0.006833333333339898,0.0
1745316900,0.009409090909088029,0.0
1745317800,0.006196172248806403,0.0
1745318700,0.0034947368421000915,0.0
1745319600,0.008400000000001727,0.0
1745320500,0.010333333333335288,0.0
1745321400,0.004533333333334599,0.0
1745322300,0.004678787878788161,0.0
1745323200,0.011767045454540426,0.0
1745324100,0.007040441176471275,0.0
1745325000,0.00378039215686242,0.0
1745325900,0.007009523809529119,0.0
1745326800,0.009857142857143215,0.0
1745327700,0.00657142857142644,0.0
1745328600,0.0035338345864630396,0.0
1745329500,0.007037593984961154,0.0
1745330400,0.010123809523811627,0.0
1745331300,0.005380392156865795,0.0
1745332200,0.004352941176470875,0.0
1745333100,0.012000000000000436,0.0
1745334000,0.008076923076920631,0.0
1745334900,0.0035113122171992303,0.0
1745335800,0.0056470588235199995,0.0
1745336700,0.00843137254901903,0.0
1745337600,0.031777777777776336,0.0
1745338500,0.043412698412701886,0.0
1745339400,0.017342857142857313,0.0
1745340300,0.00850588235294224,0.0
1745341200,0.013524886877824816,0.0
1745342100,0.01519780219780385,0.0
1745343000,0.00883458646617184,0.0
1745343900,0.010736842105259808,0.0
1745344800,0.008249999999996748,0.0
1745345700,0.005118421052635809,0.0
1745346600,0.010449760765546027,0.0
1745347500,0.01941258741258877,0.0
1745348400,0.015769230769230078,0.0
1745349300,0.04155172413793194,0.0
1745350200,0.07189655172414432,0.0
1745351100,0.03847480106100675,0.0
1745352000,0.021826923076915236,0.0
1745352900,0.023850000000003025,0.0
1745353800,0.02040000000000218,0.0
1745354700,0.02728571428571057,0.0
1745355600,0.02738095238095893,0.0
1745356500,0.02083333333332858,0.0
1745357400,0.02164285714285795,0.0
1745358300,0.023482142857140776,0.0
1745359200,0.020303571428570415,0.0
1745360100,0.018214285714293503,0.0
1745361000,0.018857142857143558,0.0
1745361900,0.020545454545448632,0.0
1745362800,0.022787878787880793,0.0
1745363700,0.016666666666665705,0.0
1745364600,0.018599999999999266,0.0
1745365500,0.013800000000003353,0.0
1745366400,0.0035999999999987067,0.0
1745367300,0.008857142857138445,0.0
1745368200,0.011476190476194841,0.0
1745369100,0.0049999999999954395,0.0
1745370000,0.005549019607848027,0.0
1745370900,0.011117647058824776,0.0
1745371800,0.009631578947363533,0.0
1745372700,0.004868421052634612,0.0
1745373600,0.008499999999997935,0.0
1745374500,0.010500000000000379,0.0
1745375400,0.006999999999997891,0.0
1745376300,0.004000000000004883,0.0
1745377200,0.009772727272725481,0.0
1745378100,0.011539772727275011,0.0
1745379000,0.004649038461536738,0.0
1745379900,0.008538461538456927,0.0
1745380800,0.010500000000000379,0.0
1745381700,0.00572222222222506,0.0
1745382600,0.003333333333330295,0.0
1745383500,0.00511111111111261,0.0
1745384400,0.012222222222227668,0.0
1745385300,0.00801587301587146,0.0
1745386200,0.00342857142857154,0.0
1745387100,0.009666666666660701,0.0
1745388000,0.0117692307692323,0.0
1745388900,0.006000000000000224,0.0
1745389800,0.00367521367521561,0.0
1745390700,0.009111111111110393,0.0
1745391600,0.011111111111112832,0.0
1745392500,0.004017543859646348,0.0
1745393400,0.004469635627529538,0.0
1745394300,0.08456043956044113,0.0
1745395200,0.21319480519480294,0.0
1745396100,0.09409090909090877,0.0
1745397000,0.05611111111111454,0.0
1745397900,0.04561616161615943,0.0
1745398800,0.01827272727273053,0.0
1745399700,0.01855555555555809,0.0
1745400600,0.026111111111106304,0.0
1745401500,0.03833333333333399,0.0
1745402400,0.028176470588235244,0.0
1745403300,0.02562352941176015,0.0
1745404200,0.01794999999999901,0.0
1745405100,0.009316666666670402,0.0
1745406000,0.00400000000000488,0.0
1745406900,0.010044444444439185,0.0
1745407800,0.010467836257312508,0.0
1745408700,0.0031353383458636516,0.0
1745409600,0.005348214285717735,0.0
1745410500,0.00881249999999765,0.0
1745411400,0.009458333333334661,0.0
1745412300,0.004095238095239031,0.0
1745413200,0.00819642857143065,0.0
1745414100,0.013221153846153287,0.0
1745415000,0.007903846153844526,0.0
1745415900,0.004249999999998966,0.0
1745416800,0.01420000000000242,0.0
1745417700,0.026492307692301143,0.0
1745418600,0.018863247863251324,0.0
1745419500,0.017626262626258424,0.0
1745420400,0.022868181818182613,0.0
1745421300,0.0812833333333387,0.0
1745422200,0.21266666666666367,0.0
1745423100,0.30544444444444707,0.0
1745424000,0.2854502923976625,0.0
1745424900,0.11310526315789103,0.0
1745425800,0.020909090909086093,0.0
1745426700,0.024590909090917976,0.0
1745427600,0.019899999999992684,0.0
1745428500,0.022963636363641616,0.0
1745429400,0.013874458874454368,0.0
1745430300,0.006619047619047071,0.0
1745431200,0.00464285714285494,0.0
1745432100,0.00919230769230949,0.0
1745433000,0.01015384615384817,0.0
1745433900,0.007076923076922973,0.0
1745434800,0.016201923076927464,0.0
1745435700,0.013874999999998734,0.0
1745436600,0.01023076923076614,0.0
1745437500,0.012269230769227573,0.0
1745438400,0.01822727272727319,0.0
1745439300,0.026472727272732748,0.0
1745440200,0.02513333333332922,0.0
1745441100,0.023904761904766744,0.0
1745442000,0.02101190476190594,0.0
1745442900,0.018816666666658915,0.0
1745443800,0.021647619047620012,0.0
1745444700,0.02746753246753286,0.0
1745445600,0.018318181818187885,0.0
1745446500,0.018357142857141174,0.0
1745447400,0.02220168067226779,0.0
1745448300,0.018607843137253603,0.0
1745449200,0.018416666666666963,0.0
1745450100,0.027147435897440172,0.0
1745451000,0.01655870445343765,0.0
1745451900,0.006810526315788924,0.0
1745452800,0.005929411764704177,0.0
1745453700,0.009803921568625635,0.0
1745454600,0.008313725490197032,0.0
1745455500,0.0036029411764744016,0.0
1745456400,0.009416666666666618,0.0
1745457300,0.011666666666670255,0.0
1745458200,0.00433333333332796,0.0
1745459100,0.005450980392154736,0.0
1745460000,0.01211312217194659,0.0
1745460900,0.008435897435894893,0.0
1745461800,0.004904761904768396,0.0
1745462700,0.00802857142856794,0.0
1745463600,0.009400000000006506,0.0
1745464500,0.005799999999993575,0.0
1745465400,0.003533333333336932,0.0
1745466300,0.009254901960780142,0.0
1745467200,0.010745098039215844,0.0
1745468100,0.004484848484850082,0.0
1745469000,0.005497607655499328,0.0
1745469900,0.007746710526319577,0.0
1745470800,0.010004166666668349,0.0
1745471700,0.010647619047617234,0.0
1745472600,0.0338690476190493,0.0
1745473500,0.02784523809523875,0.0
1745474400,0.008271428571426034,0.0
1745475300,0.004838461538454897,0.0
1745476200,0.00875565610860461,0.0
1745477100,0.011705882352941881,0.0
1745478000,0.007500000000000275,0.0
1745478900,0.006874999999993733,0.0
1745479800,0.009730263157898359,0.0
1745480700,0.009712918660291319,0.0
1745481600,0.0046818181818153405,0.0
1745482500,0.04099999999999682,0.0
1745483400,0.12902941176470506,0.0
1745484300,0.09758169934641359,0.0
1745485200,0.03088888888888163,0.0
1745486100,0.017400000000002067,0.0
1745487000,0.010129411764708596,0.0
1745487900,0.00504201680671911,0.0
1745488800,0.003928571428573938,0.0
1745489700,0.011062500000001297,0.0
1745490600,0.010104166666664572,0.0
1745491500,0.005333333333332736,0.0
1745492400,0.00545454545454759,0.0
1745493300,0.010545454545450627,0.0
1745494200,0.0065000000000026035,0.0
1745495100,0.0035666666666642668,0.0
1745496000,0.006625641025635776,0.0
1745496900,0.015432692307697933,0.0
1745497800,0.01794642857142746,0.0
1745498700,0.02292857142857229,0.0
1745499600,0.03545454545454873,0.0
1745500500,0.02704545454545836,0.0
1745501400,0.024318181818173898,0.0
1745502300,0.032711229946528406,0.0
1745503200,0.029595588235295612,0.0
1745504100,0.027674999999995,0.0
1745505000,0.02660000000000195,0.0
1745505900,0.046690909090912655,0.0
1745506800,0.07740909090908588,0.0
1745507700,0.055499999999995,0.0
1745508600,0.016181818181820507,0.0
1745509500,0.018818181818183163,0.0
1745510400,0.01414285714285766,0.0
1745511300,0.01152380952380836,0.0
1745512200,0.01433333333333307,0.0
1745513100,0.023333333333333418,0.0
1745514000,0.014166666666667977,0.0
1745514900,0.01169999999999759,0.0
1745515800,0.02141538461538771,0.0
1745516700,0.01907211538461694,0.0
1745517600,0.011026785714278719,0.0
1745518500,0.011619047619049626,0.0
1745519400,0.02166666666666827,0.0
1745520300,0.016199999999997765,0.0
1745521200,0.009800000000005575,0.0
1745522100,0.015941176470583674,0.0
1745523000,0.030725490196083158,0.0
1745523900,0.03833333333333399,0.0
1745524800,0.039933333333330254,0.0
1745525700,0.07324313725489871,0.0
1745526600,0.07982352941176883,0.0
1745527500,0.020444444444443367,0.0
1745528400,0.017055555555558034,0.0
1745529300,0.023617647058820516,0.0
1745530200,0.024682352941177033,0.0
1745531100,0.020699999999997932,0.0
1745532000,0.018928571428574497,0.0
1745532900,0.022771428571431315,0.0
1745533800,0.02479999999999903,0.0
1745534700,0.018000000000000668,0.0
1745535600,0.01754545454544852,0.0
1745536500,0.027454545454546057,0.0
1745537400,0.021000000000000782,0.0
1745538300,0.015624999999999984,0.0
1745539200,0.019574999999996116,0.0
1745540100,0.0234000000000023,0.0
1745541000,0.021733333333337147,0.0
1745541900,0.021066666666669672,0.0
1745542800,0.017766666666666705,0.0
1745543700,0.013452380952379868,0.0
1745544600,0.010095238095239246,0.0
1745545500,0.006558441558439634,0.0
1745546400,0.005127272727271746,0.0
1745547300,0.011885714285710931,0.0
1745548200,0.00871428571429077,0.0
1745549100,0.004666666666665253,0.0
1745550000,0.005333333333332731,0.0
1745550900,0.011411764705883322,0.0
1745551800,0.009699346405227497,0.0
1745552700,0.0052222222222226685,0.0
1745553600,0.004589743589740169,0.0
1745554500,0.009253393665161964,0.0
1745555400,0.012005347593579059,0.0
1745556300,0.00638961038961127,0.0
1745557200,0.0038095238095294634,0.0
1745558100,0.006619047619039953,0.0
1745559000,0.013181818181820388,0.0
1745559900,0.006318181818180331,0.0
1745560800,0.017500000000005393,0.0
1745561700,0.0374999999999943,0.0
1745562600,0.03330000000000409,0.0
1745563500,0.016463157894740715,0.0
1745564400,0.01373684210525992,0.0
1745565300,0.018499999999995954,0.0
1745566200,0.02250000000000085,0.0
1745567100,0.01938461538461666,0.0
1745568000,0.01492788461538196,0.0
1745568900,0.017845394736845308,0.0
1745569800,0.021342105263158818,0.0
1745570700,0.018500000000003056,0.0
1745571600,0.01500000000000055,0.0
1745572500,0.01152631578946737,0.0
1745573400,0.009242914979758144,0.0
1745574300,0.00512550607287919,0.0
1745575200,0.0034385964912288882,0.0
1745576100,0.007666666666665365,0.0
1745577000,0.011235294117646776,0.0
1745577900,0.006264705882351498,0.0
1745578800,0.0039999999999977736,0.0
1745579700,0.00728947368421017,0.0
1745580600,0.010210526315788108,0.0
1745581500,0.00711764705882699,0.0
1745582400,0.004036199095018832,0.0
1745583300,0.007246153846161005,0.0
1745584200,0.009423529411762385,0.0
1745585100,0.006926470588233252,0.0
1745586000,0.0035833333333314867,0.0
1745586900,0.00466666666667236,0.0
1745587800,0.010235294117642001,0.0
1745588700,0.008907563025211116,0.0
1745589600,0.004675324675325492,0.0
1745590500,0.006381818181814925,0.0
1745591400,0.009300000000003179,0.0
1745592300,0.008346153846154879,0.0
1745593200,0.00651748251748074,0.0
1745594100,0.008181818181817844,0.0
1745595000,0.008181818181817844,0.0
1745595900,0.005844155844158645,0.0
1745596800,0.0031932773109204352,0.0
1745597700,0.005806722689079875,0.0
1745598600,0.009586466165416122,0.0
1745599500,0.007779605263152669,0.0
1745600400,0.0033958333333359097,0.0
1745601300,0.005729166666661441,0.0
1745602200,0.009137500000001342,0.0
1745603100,0.009800000000005575,0.0
1745604000,0.005103448275853834,0.0
1745604900,0.005172413793104605,0.0
1745605800,0.008724137931032752,0.0
1745606700,0.009000000000000324,0.0
1745607600,0.004500000000007265,0.0
1745608500,0.004714285714285883,0.0
1745609400,0.011785714285707611,0.0
1745610300,0.0069047619047637255,0.0
1745611200,0.0035497835497863934,0.0
1745612100,0.00422966507176879,0.0
1745613000,0.0071729323308247035,0.0
1745613900,0.013392857142861196,0.0
1745614800,0.004035714285713247,0.0
1745615700,0.003714285714288217,0.0
1745616600,0.009846153846147832,0.0
1745617500,0.010838056680164222,0.0
1745618400,0.00377033492822674,0.0
1745619300,0.004545454545457508,0.0
1745620200,0.011333333333332963,0.0
1745621100,0.009166666666665425,0.0
1745622000,0.0036176470588244886,0.0
1745622900,0.003882352941182875,0.0
1745623800,0.011230769230763818,0.0
1745624700,0.008150183150185323,0.0
1745625600,0.003849816849815095,0.0
1745626500,0.004054945054946293,0.0
1745627400,0.007839285714283042,0.0
1745628300,0.01034558823529607,0.0
1745629200,0.005386554621850325,0.0
1745630100,0.0043650793650797815,0.0
1745631000,0.010333333333335292,0.0
1745631900,0.008391812865497164,0.0
1745632800,0.005283400809709339,0.0
1745633700,0.004951048951049578,0.0
1745634600,0.008877005347592611,0.0
1745635500,0.009207843137254198,0.0
1745636400,0.005511111111111682,0.0
1745637300,0.003760683760688715,0.0
1745638200,0.006990950226246179,0.0
1745639100,0.010042016806721668,0.0
1745640000,0.00771428571428599,0.0
1745640900,0.0040476190476184,0.0
1745641800,0.006666666666660593,0.0
1745642700,0.008333333333332847,0.0
1745643600,0.008095238095243913,0.0
1745644500,0.004285714285714442,0.0
1745645400,0.006952380952377255,0.0
1745646300,0.011166666666667864,0.0
1745647200,0.006166666666665313,0.0
1745648100,0.0032500000000012983,0.0
1745649000,0.005211538461537648,0.0
1745649900,0.01110989010989271,0.0
1745650800,0.009043956043953461,0.0
1745651700,0.003784615384617483,0.0
1745652600,0.005199999999994972,0.0
1745653500,0.008733333333339017,0.0
1745654400,0.00990196078431181,0.0
1745655300,0.0035828877005385906,0.0
1745656200,0.0066818181818177795,0.0
1745657100,0.011833333333328247,0.0
1745658000,0.006431372549016585,0.0
1745658900,0.0032352941176512083,0.0
1745659800,0.006083333333336322,0.0
1745660700,0.011583333333327056,0.0
1745661600,0.006833333333339902,0.0
1745662500,0.003394736842103878,0.0
1745663400,0.005287081339709214,0.0
1745664300,0.009976076555027174,0.0
1745665200,0.008508771929825779,0.0
1745666100,0.004017543859646348,0.0
1745667000,0.005115789473684606,0.0
1745667900,0.011082352941173204,0.0
1745668800,0.008271493212674836,0.0
1745669700,0.004417582417580939,0.0
1745670600,0.004285714285714442,0.0
1745671500,0.007809523809520153,0.0
1745672400,0.011333333333332968,0.0
1745673300,0.004133333333335535,0.0
1745674200,0.004690196078435338,0.0
1745675100,0.008776470588230712,0.0
1745676000,0.010581818181819351,0.0
1745676900,0.004675324675325492,0.0
1745677800,0.004442857142862513,0.0
1745678700,0.009161538461533773,0.0
1745679600,0.009222672064780101,0.0
1745680500,0.003458646616543585,0.0
1745681400,0.004642857142854942,0.0
1745682300,0.009214285714286051,0.0
1745683200,0.011538461538457041,0.0
1745684100,0.00479487179487136,0.0
1745685000,0.004019607843140688,0.0
1745685900,0.009176470588236877,0.0
1745686800,0.01018487394957644,0.0
1745687700,0.004619047619044627,0.0
1745688600,0.004444444444445135,0.0
1745689500,0.010972222222221708,0.0
1745690400,0.00791666666666656,0.0
1745691300,0.0031999999999996363,0.0
1745692200,0.004466666666665719,0.0
1745693100,0.00740000000000406,0.0
1745694000,0.012084848484846578,0.0
1745694900,0.004959595959597595,0.0
1745695800,0.005222222222222679,0.0
1745696700,0.010777777777782651,0.0
1745697600,0.00745751633986201,0.0
1745698500,0.0035828877005385906,0.0
1745699400,0.00597129186602528,0.0
1745700300,0.009210526315790425,0.0
1745701200,0.010545454545457732,0.0
1745702100,0.0035497835497792884,0.0
1745703000,0.004981684981686369,0.0
1745703900,0.01092307692307769,0.0
1745704800,0.008461538461538952,0.0
1745705700,0.004395604395597267,0.0
1745706600,0.005142857142864435,0.0
1745707500,0.00742857142856933,0.0
1745708400,0.010571428571431321,0.0
1745709300,0.0039047619047565068,0.0
1745710200,0.004761904761906502,0.0
1745711100,0.011794871794869249,0.0
1745712000,0.007788461538467563,0.0
1745712900,0.004035714285713247,0.0
1745713800,0.006857142857143107,0.0
1745714700,0.01085714285714089,0.0
1745715600,0.006666666666667699,0.0
1745716500,0.0032083333333332398,0.0
1745717400,0.0051750000000012454,0.0
1745718300,0.009750000000003912,0.0
1745719200,0.008621052631575305,0.0
1745720100,0.0027554179566564485,0.0
1745721000,0.00555080213903379,0.0
1745721900,0.011939393939393013,0.0
1745722800,0.007333333333335177,0.0
1745723700,0.004133333333335535,0.0
1745724600,0.006572549019601573,0.0
1745725500,0.009294117647065992,0.0
1745726400,0.007411764705878436,0.0
1745727300,0.004366013071894753,0.0
1745728200,0.00847222222222397,0.0
1745729100,0.008250000000003851,0.0
1745730000,0.00656666666666438,0.0
1745730900,0.003933333333328893,0.0
1745731800,0.007133333333335645,0.0
1745732700,0.011593939393939923,0.0
1745733600,0.005472727272731951,0.0
1745734500,0.003514285714281577,0.0
1745735400,0.008702380952378512,0.0
1745736300,0.008869047619050701,0.0
1745737200,0.0059450549450516905,0.0
1745738100,0.004615384615384238,0.0
1745739000,0.008439560439562392,0.0
1745739900,0.008764285714285325,0.0
1745740800,0.0064045454545435965,0.0
1745741700,0.004427807486635502,0.0
1745742600,0.008117647058824656,0.0
1745743500,0.010500000000000386,0.0
1745744400,0.005961538461534125,0.0
1745745300,0.0038914027149345868,0.0
1745746200,0.008147058823524825,0.0
1745747100,0.009766666666671125,0.0
1745748000,0.004899999999999226,0.0
1745748900,0.0036111111111125516,0.0
1745749800,0.00959064327485491,0.0
1745750700,0.009256578947365295,0.0
1745751600,0.005528846153850948,0.0
1745752500,0.0034017094017073516,0.0
1745753400,0.007059829059826931,0.0
1745754300,0.01252747252747354,0.0
1745755200,0.004412698412693308,0.0
1745756100,0.004222222222225005,0.0
1745757000,0.010116959064326617,0.0
1745757900,0.00898026315789478,0.0
1745758800,0.004663461538463298,0.0
1745759700,0.004108597285068061,0.0
1745760600,0.007686274509801178,0.0
1745761500,0.01266666666666792,0.0
1745762400,0.004352941176470875,0.0
1745763300,0.004108597285068061,0.0
1745764200,0.00995951417004191,0.0
1745765100,0.009078947368422503,0.0
1745766000,0.0037499999999965803,0.0
1745766900,0.004750000000001355,0.0
1745767800,0.013733333333334473,0.0
1745768700,0.006711111111108883,0.0
1745769600,0.0032397660818759117,0.0
1745770500,0.004093567251459242,0.0
1745771400,0.012888888888888046,0.0
1745772300,0.00743859649122667,0.0
1745773200,0.004294736842105329,0.0
1745774100,0.005600000000001148,0.0
1745775000,0.01018181818182028,0.0
1745775900,0.012151515151515453,0.0
1745776800,0.004166666666669971,0.0
1745777700,0.012499999999995721,0.0
1745778600,0.01400000000000289,0.0
1745779500,0.0873846153846074,0.0
1745780400,0.2709683257918556,0.0
1745781300,0.21902205882353343,0.0
1745782200,0.036250000000002544,0.0
1745783100,0.020738636363631702,0.0
1745784000,0.024741626794259713,0.0
1745784900,0.01846616541353539,0.0
1745785800,0.016428571428569665,0.0
1745786700,0.020444444444443367,0.0
1745787600,0.026355555555554126,0.0
1745788500,0.019762499999998785,0.0
1745789400,0.018731617647063097,0.0
1745790300,0.024705882352940016,0.0
1745791200,0.01809523809523482,0.0
1745792100,0.014571428571436217,0.0
1745793000,0.02824999999999988,0.0
1745793900,0.021527777777777136,0.0
1745794800,0.01605555555555326,0.0
1745795700,0.02076666666666682,0.0
1745796600,0.0215568627451006,0.0
1745797500,0.01946218487394446,0.0
1745798400,0.018868131868131844,0.0
1745799300,0.02078365384615209,0.0
1745800200,0.01313942307692882,0.0
1745801100,0.00382783882783853,0.0
1745802000,0.004428571428569212,0.0
1745802900,0.011200000000002316,0.0
1745803800,0.009799999999998468,0.0
1745804700,0.004733333333334133,0.0
1745805600,0.00733333333333518,0.0
1745806500,0.011894117647059936,0.0
1745807400,0.006893382352934898,0.0
1745808300,0.004526785714290316,0.0
1745809200,0.00805042016806822,0.0
1745810100,0.010542986425342337,0.0
1745811000,0.005558974358969223,0.0
1745811900,0.0036888888888881783,0.0
1745812800,0.008626262626265193,0.0
1745813700,0.013279720279719232,0.0
1745814600,0.003443223443220217,0.0
1745815500,0.00438095238094858,0.0
1745816400,0.011714285714290886,0.0
1745817300,0.0079047619047614,0.0
1745818200,0.0048952380952371555,0.0
1745819100,0.049892307692303454,0.0
1745820000,0.028807692307694303,0.0
1745820900,0.01450000000000528,0.0
1745821800,0.01149999999999806,0.0
1745822700,0.01073529411764439,0.0
1745823600,0.009193277310927766,0.0
1745824500,0.005142857142857325,0.0
1745825400,0.003650793650791677,0.0
1745826300,0.01132323232322818,0.0
1745827200,0.00889204545455157,0.0
1745828100,0.003562500000001013,0.0
1745829000,0.0034285714285715516,0.0
1745829900,0.008218487394955775,0.0
1745830800,0.011152941176469238,0.0
1745831700,0.003977777777777181,0.0
1745832600,0.005555555555552858,0.0
1745833500,0.008000000000002661,0.0
1745834400,0.011000000000002775,0.0
1745835300,0.01166666666667025,0.0
1745836200,0.01500000000000055,0.0
1745837100,0.024624999999993225,0.0
1745838000,0.08116071428571558,0.0
1745838900,0.14946428571428783,0.0
1745839800,0.07988333333333485,0.0
1745840700,0.0376666666666665,0.0
1745841600,0.035699999999998504,0.0
1745842500,0.020299999999998868,0.0
1745843400,0.03092727272727557,0.0
1745844300,0.020177489177491723,0.0
1745845200,0.018095238095241925,0.0
1745846100,0.021588235294117897,0.0
1745847000,0.020411764705869462,0.0
1745847900,0.019705882352937458,0.0
1745848800,0.018475935828874405,0.0
1745849700,0.022318181818192773,0.0
1745850600,0.024916666666669578,0.0
1745851500,0.017678571428561426,0.0
1745852400,0.013438095238100784,0.0
1745853300,0.02169743589743688,0.0
1745854200,0.02923981900453042,0.0
1745855100,0.020672268907560458,0.0
1745856000,0.019523809523803934,0.0
1745856900,0.012280701754391983,0.0
1745857800,0.00538596491227848,0.0
1745858700,0.005466666666663384,0.0
1745859600,0.010199999999997527,0.0
1745860500,0.008769230769232176,0.0
1745861400,0.00381900452489957,0.0
1745862300,0.005911764705871278,0.0
1745863200,0.008166666666667753,0.0
1745864100,0.009111111111110393,0.0
1745865000,0.0042222222222107935,0.0
1745865900,0.008368421052637125,0.0
1745866800,0.010449760765553146,0.0
1745867700,0.00581339712918803,0.0
1745868600,0.004133126934988221,0.0
1745869500,0.009053475935829154,0.0
1745870400,0.01351515151515058,0.0
1745871300,0.004285714285714435,0.0
1745872200,0.043534798534793126,0.0
1745873100,0.12984615384614528,0.0
1745874000,0.07550000000000523,0.0
1745874900,0.023346153846162555,0.0
1745875800,0.028153846153841745,0.0
1745876700,0.02930769230769669,0.0
1745877600,0.02235897435897981,0.0
1745878500,0.017799999999994032,0.0
1745879400,0.019723809523810573,0.0
1745880300,0.020732600732600293,0.0
1745881200,0.017688034188040536,0.0
1745882100,0.01638888888888344,0.0
1745883000,0.02649999999999862,0.0
1745883900,0.02478571428571284,0.0
1745884800,0.015766917293234418,0.0
1745885700,0.01894736842105259,0.0
1745886600,0.01937499999999658,0.0
1745887500,0.007424999999997785,0.0
1745888400,0.003654545454551785,0.0
1745889300,0.006989898989900206,0.0
1745890200,0.009222222222220461,0.0
1745891100,0.00900000000000033,0.0
1745892000,0.004215686274505955,0.0
1745892900,0.008717647058816159,0.0
1745893800,0.010870588235306393,0.0
1745894700,0.006176470588229665,0.0
1745895600,0.004411764705878325,0.0
1745896500,0.008941176470599988,0.0
1745897400,0.010285714285714658,0.0
1745898300,0.00625274725274492,0.0
1745899200,0.00564335664336112,0.0
1745900100,0.00946524064170261,0.0
1745901000,0.009352941176473435,0.0
1745901900,0.0060000000000002135,0.0
1745902800,0.004285714285714433,0.0
1745903700,0.010114285714280405,0.0
1745904600,0.010446153846160646,0.0
1745905500,0.009487179487180687,0.0
1745906400,0.0360952380952284,0.0
1745907300,0.03797142857142431,0.0
1745908200,0.013650000000012584,0.0
1745909100,0.006283333333328742,0.0
1745910000,0.0037719298245661864,0.0
1745910900,0.00789473684210405,0.0
1745911800,0.012066666666669315,0.0
1745912700,0.003790476190474107,0.0
1745913600,0.004285714285714433,0.0
1745914500,0.00985714285714321,0.0
1745915400,0.010846153846145493,0.0
1745916300,0.004036199095025935,0.0
1745917200,0.004367647058828069,0.0
1745918100,0.0078124999999999835,0.0
1745919000,0.01071527777777702,0.0
1745919900,0.00444444444444513,0.0
1745920800,0.005666666666670034,0.0
1745921700,0.009253968253972284,0.0
1745922600,0.009675324675313839,0.0
1745923500,0.00475324675325338,0.0
1745924400,0.007880184331781937,0.0
1745925300,0.00967741935484411,0.0
1745926200,0.006270967741940567,0.0
1745927100,0.00367692307692378,0.0
1745928000,0.00742307692307519,0.0
1745928900,0.008366666666660187,0.0
1745929800,0.05749696969697026,0.0
1745930700,0.1373506493506511,0.0
1745931600,0.0491092436974867,0.0
1745932500,0.02624313725489457,0.0
1745933400,0.030992156862737368,0.0
1745934300,0.03657754010696123,0.0
1745935200,0.03376363636363066,0.0
1745936100,0.027799999999999152,0.0
1745937000,0.029338461538472405,0.0
1745937900,0.031586538461539235,0.0
1745938800,0.029791666666667986,0.0
1745939700,0.03324122807016748,0.0
1745940600,0.029765182186238796,0.0
1745941500,0.029826923076925017,0.0
1745942400,0.0256250000000051,0.0
1745943300,0.027407608695654045,0.0
1745944200,0.025434782608684252,0.0
1745945100,0.015782608695658937,0.0
1745946000,0.019666666666665823,0.0
1745946900,0.015555555555550877,0.0
1745947800,0.004660130718960422,0.0
1745948700,0.015117647058815457,0.0
1745949600,0.017111111111105966,0.0
1745950500,0.009944444444457183,0.0
1745951400,0.04394444444443478,0.0
1745952300,0.16187499999999488,0.0
1745953200,0.1259250000000094,0.0
1745954100,0.0794000000000068,0.0
1745955000,0.028447058823516606,0.0
1745955900,0.017764705882356673,0.0
1745956800,0.022254901960792488,0.0
1745957700,0.024183333333326108,0.0
1745958600,0.019275000000007467,0.0
1745959500,0.02096590909090422,0.0
1745960400,0.029601398601400302,0.0
1745961300,0.019307692307691564,0.0
1745962200,0.016199999999997758,0.0
1745963100,0.020063157894739437,0.0
1745964000,0.02265350877192417,0.0
1745964900,0.01863888888888708,0.0
1745965800,0.019027777777793617,0.0
1745966700,0.023100877192973702,0.0
1745967600,0.018172932330827497,0.0
1745968500,0.0174553571428504,0.0
1745969400,0.024576388888888794,0.0
1745970300,0.02825396825396353,0.0
1745971200,0.016544642857155616,0.0
1745972100,0.01626488095237732,0.0
1745973000,0.02404761904762153,0.0
1745973900,0.02238888888888367,0.0
1745974800,0.011944444444452513,0.0
1745975700,0.013897435897433743,0.0
1745976600,0.009886877828051855,0.0
1745977500,0.00501568627450409,0.0
1745978400,0.007009523809529115,0.0
1745979300,0.012164835164838897,0.0
1745980200,0.005787545787541138,0.0
1745981100,0.0035714285714334316,0.0
1745982000,0.008450980392154844,0.0
1745982900,0.010082352941168422,0.0
1745983800,0.007200000000011628,0.0
1745984700,0.008474999999989996,0.0
1745985600,0.00937500000000566,0.0
1745986500,0.0058676470588210185,0.0
1745987400,0.003437908496735522,0.0
1745988300,0.004844444444429988,0.0
1745989200,0.010963636363641163,0.0
1745990100,0.009636363636374757,0.0
1745991000,0.0035555555555504136,0.0
1745991900,0.012730158730164469,0.0
1745992800,0.042532467532467415,0.0
1745993700,0.02706417112298708,0.0
1745994600,0.010317647058826639,0.0
1745995500,0.01180000000000801,0.0
1745996400,0.010692307692295329,0.0
1745997300,0.004425339366520108,0.0
1745998200,0.004352941176477985,0.0
1745999100,0.009893048128333238,0.0
1746000000,0.010405594405597173,0.0
1746000900,0.003980769230764717,0.0
1746001800,0.007132352941184183,0.0
1746002700,0.008823529411756676,0.0
1746003600,0.007008403361353988,0.0
1746004500,0.004831168831159958,0.0
1746005400,0.013676767676770386,0.0
1746006300,0.018063492063490103,0.0
1746007200,0.01671428571428633,0.0
1746008100,0.012058823529400785,0.0
1746009000,0.011710407239831959,0.0
1746009900,0.006452991452988494,0.0
1746010800,0.0036444444444469915,0.0
1746011700,0.009671794871792361,0.0
1746012600,0.009303643724692275,0.0
1746013500,0.00458646616542068,0.0
1746014400,0.00471428571428588,0.0
1746015300,0.00869047619046625,0.0
1746016200,0.010397435897445451,0.0
1746017100,0.00461538461537712,0.0
1746018000,0.007692307692309428,0.0
1746018900,0.009572649572646691,0.0
1746019800,0.007434343434354668,0.0
1746020700,0.004073593073584892,0.0
1746021600,0.007380952380955805,0.0
1746022500,0.01209090909090092,0.0
1746023400,0.003686868686870065,0.0
1746024300,0.009409722222230237,0.0
1746025200,0.021658653846145615,0.0
1746026100,0.02053846153846449,0.0
1746027000,0.022901098901101584,0.0
1746027900,0.020661654135338367,0.0
1746028800,0.016365131578950795,0.0
1746029700,0.018960227272728496,0.0
1746030600,0.026881118881121314,0.0
1746031500,0.010846153846145505,0.0
1746032400,0.0036666666666746884,0.0
1746033300,0.012333333333330624,0.0
1746034200,0.008666666666655923,0.0
1746035100,0.003921568627461612,0.0
1746036000,0.007261764705887675,0.0
1746036900,0.012240909090905907,0.0
1746037800,0.015062937062936037,0.0
1746038700,0.00934615384615255,0.0
1746039600,0.013499999999993394,0.0
1746040500,0.07100000000001215,0.0
1746041400,0.0887333333333231,0.0
1746042300,0.02995897435897631,0.0
1746043200,0.026307692307682366,0.0
1746044100,0.019941176470595668,0.0
1746045000,0.024525490196083403,0.0
1746045900,0.022474509803913627,0.0
1746046800,0.017258823529417096,0.0
1746047700,0.0183666666666653,0.0
1746048600,0.021647619047620012,0.0
1746049500,0.02746753246753286,0.0
1746050400,0.018318181818187885,0.0
1746051300,0.018357142857141174,0.0
1746052200,0.02220168067226779,0.0
1746053100,0.018607843137253603,0.0
1746054000,0.018416666666666963,0.0
1746054900,0.027147435897440172,0.0
1746055800,0.01655870445343765,0.0
1746056700,0.006810526315788924,0.0
1746057600,0.005929411764704177,0.0
1746058500,0.009803921568625635,0.0
1746059400,0.008313725490197032,0.0
1746060300,0.0036029411764744016,0.0
1746061200,0.009416666666666618,0.0
1746062100,0.011666666666670255,0.0
1746063000,0.00433333333332796,0.0
1746063900,0.005450980392154736,0.0
1746064800,0.01211312217194659,0.0
1746065700,0.008435897435894893,0.0
1746066600,0.004904761904768396,0.0
1746067500,0.00802857142856794,0.0
1746068400,0.009400000000006506,0.0
1746069300,0.005799999999993575,0.0
1746070200,0.003533333333336932,0.0
1746071100,0.009254901960780142,0.0
1746072000,0.010745098039215844,0.0
1746072900,0.004484848484850082,0.0
1746073800,0.005497607655499328,0.0
1746074700,0.007746710526319577,0.0
1746075600,0.010004166666668349,0.0
1746076500,0.010647619047617234,0.0
1746077400,0.0338690476190493,0.0
1746078300,0.02784523809523875,0.0
1746079200,0.008271428571426034,0.0
1746080100,0.004838461538454897,0.0
1746081000,0.00875565610860461,0.0
1746081900,0.011705882352941881,0.0
1746082800,0.007500000000000275,0.0
1746083700,0.006874999999993733,0.0
1746084600,0.009730263157898359,0.0
1746085500,0.009712918660291319,0.0
1746086400,0.0046818181818153405,0.0
1746087300,0.04099999999999682,0.0
1746088200,0.12902941176470506,0.0
1746089100,0.09758169934641359,0.0
1746090000,0.03088888888888163,0.0
1746090900,0.017400000000002067,0.0
1746091800,0.010129411764708596,0.0
1746092700,0.00504201680671911,0.0
1746093600,0.003928571428573938,0.0
1746094500,0.011062500000001297,0.0
1746095400,0.010104166666664572,0.0
1746096300,0.009613053613051642,0.0
1746097200,0.014126696832576604,0.0
1746098100,0.016036764705873438,0.0
1746099000,0.02270833333334109,0.0
1746099900,0.020282051282052287,0.0
1746100800,0.01597285067873599,0.0
1746101700,0.021697478991598015,0.0
1746102600,0.019714285714286447,0.0
1746103500,0.019444444444445694,0.0
1746104400,0.02761437908496588,0.0
1746105300,0.021274509803916423,0.0
1746106200,0.01874999999999715,0.0
1746107100,0.024202380952388573,0.0
1746108000,0.06471428571428815,0.0
1746108900,0.07816666666666093,0.0
1746109800,0.054500000000004434,0.0
1746110700,0.053606060606057326,0.0
1746111600,0.03092727272726847,0.0
1746112500,0.0235142857142847,0.0
1746113400,0.020462184873949234,0.0
1746114300,0.04782352941177236,0.0
1746115200,0.1008181818181697,0.0
1746116100,0.09372027972028718,0.0
1746117000,0.014652014652014591,0.0
1746117900,0.011698412698407872,0.0
1746118800,0.011111111111105732,0.0
1746119700,0.005866666666676663,0.0
1746120600,0.0066333333333261505,0.0
1746121500,0.007734042553195757,0.0
1746122400,0.0060638297872372925,0.0
1746123300,0.0060638297872372925,0.0
1746124200,0.008838297872344466,0.0
1746125100,0.009399999999985188,0.0
1746126000,0.0057333333333460116,0.0
1746126900,0.015941176470583674,0.0
1746127800,0.030725490196083158,0.0
1746128700,0.03833333333333399,0.0
1746129600,0.039933333333330254,0.0
1746130500,0.07324313725489871,0.0
1746131400,0.07982352941176883,0.0
1746132300,0.020444444444443367,0.0
1746133200,0.017055555555558034,0.0
1746134100,0.023617647058820516,0.0
1746135000,0.024682352941177033,0.0
1746135900,0.020699999999997932,0.0
1746136800,0.018928571428574497,0.0
1746137700,0.022771428571431315,0.0
1746138600,0.02479999999999903,0.0
1746139500,0.01377777777777566,0.0
1746140400,0.006984126984121976,0.0
1746141300,0.00475324675325338,0.0
1746142200,0.010641711229951039,0.0
1746143100,0.008058823529395891,0.0
